BR,OrderDate,CustomerID,CustomerName,City,State,Country/Region,Salesperson,Region,ShippedDate,Month,Quarter,ShipperName,ShipCity,ShipState,ShipZIP/Postal Code,ShipCountry/Region,PaymentType,ProductName,Category,UnitPrice,Quantity,Revenue,ShippingFee
8008,2019-01-27,27,Cust AA,MULTAN,MN,PK,Salim Kanchwala,West,2019-01-29,Jan,Q1,Shipping Company B,MULTAN,MN,90900,PK,Check,Sauce,Beverages,14.00,49,686.00,66.54
8008,2019-01-27,27,Cust AA,MULTAN,MN,PK,Salim Kanchwala,West,2019-01-29,Jan,Q1,Shipping Company B,MULTAN,MN,90900,PK,Check,Dried Plums,Dried Fruit & Nuts,3.50,47,164.50,16.61
8003,2019-04-01,4,Cust D,BAHAWALPUR,BR,PK,Munir Nizar,East,2019-01-06,Jan,Q1,Shipping Company A,BAHAWALPUR,BR,90900,PK,Credit Card,Dried Pears,Dried Fruit & Nuts,30.00,69,2000.00,198.72
8004,2019-04-01,4,Cust D,BAHAWALPUR,BR,PK,Munir Nizar,East,2019-01-06,Jan,Q1,Shipping Company A,BAHAWALPUR,BR,90900,PK,Credit Card,Dried Apples,Dried Fruit & Nuts,53.00,89,4717.00,448.12
8005,2019-04-01,4,Cust D,BAHAWALPUR,BR,PK,Munir Nizar,East,2019-01-06,Jan,Q1,Shipping Company A,BAHAWALPUR,BR,90900,PK,Credit Card,Dried Plums,Dried Fruit & Nuts,3.50,11,38.50,3.73
8006,2019-12-01,12,Cust L,MULTAN,MN,PK,Salim Kanchwala,West,2019-01-14,Jan,Q1,Shipping Company B,MULTAN,MN,90900,PK,Credit Card,Chai,Beverages,18.00,81,1458.00,141.43
8007,2019-12-01,12,Cust L,MULTAN,MN,PK,Salim Kanchwala,West,2019-01-14,Jan,Q1,Shipping Company B,MULTAN,MN,90900,PK,Credit Card,Coffee,Beverages,46.00,44,2024.00,198.35
8008,2019-08-01,8,Cust H,FAISALABAD,FD,PK,Ahmed Ali,North,2019-01-10,Jan,Q1,Shipping Company C,FAISALABAD,FD,90900,PK,Credit Card,Chocolate Biscuits Mix,Baked Goods & Mixes,9.20,38,349.60,36.01
8009,2019-04-01,4,Cust D,BAHAWALPUR,BR,PK,Munir Nizar,East,2019-01-06,Jan,Q1,Shipping Company C,BAHAWALPUR,BR,90900,PK,Check,Chocolate Biscuits Mix,Baked Goods & Mixes,9.20,88,809.60,79.34
8080,2019-01-29,29,Cust CC,GUJRANWALA,GA,PK,Salman Shah,West,2019-01-31,Jan,Q1,Shipping Company B,GUJRANWALA,GA,90900,PK,Check,Chocolate,Candy,12.75,94,1198.50,122.25
8088,2019-03-01,3,Cust C,HYDERABAD,HD,PK,Salim Kanchwala,West,2019-01-05,Jan,Q1,Shipping Company B,HYDERABAD,HD,90900,PK,Cash,Clam Chowder,Soups,9.65,91,878.15,92.21
8088,2019-06-01,6,Cust F,ISLAMABAD,ID,PK,Shahid Raza,North,2019-01-08,Jan,Q1,Shipping Company B,ISLAMABAD,ID,90900,PK,Credit Card,Curry Sauce,Sauces,40.00,32,1280.00,133.12
8083,2019-01-28,28,Cust BB,JHELUM,JM,PK,Kamran Ahmed,South,2019-01-30,Jan,Q1,Shipping Company C,JHELUM,JM,90900,PK,Check,Coffee,Beverages,46.00,55,2530.00,253.00
8084,2019-08-01,8,Cust H,FAISALABAD,FD,PK,Ahmed Ali,North,2019-01-10,Jan,Q1,Shipping Company C,FAISALABAD,FD,90900,PK,Check,Chocolate,Candy,12.75,47,599.25,61.72
8085,2019-10-01,10,Cust J,KARACHI CENTRAL,KC,PK,Tausif Ali,East,2019-01-12,Jan,Q1,Shipping Company B,KARACHI CENTRAL,KC,90900,PK,Credit Card,Green Tea,Beverages,2.99,90,269.10,27.72
8086,2019-07-01,7,Cust G,KARACHI NORTH,KI,PK,Ahmed Ali,North,2019-01-12,Jan,Q1,Shipping Company B,KARACHI NORTH,KI,90900,PK,Credit Card,Coffee,Beverages,46.00,24,1104.00,110.40
8087,2019-10-01,10,Cust J,KARACHI CENTRAL,KC,PK,Tausif Ali,East,2019-01-12,Jan,Q1,Shipping Company A,KARACHI CENTRAL,KC,90900,PK,Credit Card,Boysenberry Spread,"Jams, Preserves",25.00,34,850.00,80.75
8088,2019-10-01,10,Cust J,KARACHI CENTRAL,KC,PK,Tausif Ali,East,2019-01-12,Jan,Q1,Shipping Company A,KARACHI CENTRAL,KC,90900,PK,Credit Card,Cajun Seasoning,Condiments,22.00,17,374.00,35.90
8089,2019-10-01,10,Cust J,KARACHI CENTRAL,KC,PK,Tausif Ali,East,2019-01-12,Jan,Q1,Shipping Company A,KARACHI CENTRAL,KC,90900,PK,Credit Card,Chocolate Biscuits Mix,Baked Goods & Mixes,9.20,44,404.80,42.10
8080,2019-11-01,11,Cust K,KARACHI SOUTH,KS,PK,Kamran Ahmed,South,2019-01-12,Jan,Q1,Shipping Company C,KARACHI SOUTH,KS,90900,PK,Credit Card,Dried Plums,Dried Fruit & Nuts,3.50,81,283.50,27.50
8088,2019-11-01,11,Cust K,KARACHI SOUTH,KS,PK,Kamran Ahmed,South,2019-01-12,Jan,Q1,Shipping Company C,KARACHI SOUTH,KS,90900,PK,Credit Card,Green Tea,Beverages,2.99,49,146.51,15.09
8088,2019-01-01,1,Cust A,LAHORE EAST,LE,PK,Ahmed Ali,North,2019-01-12,Jan,Q1,Shipping Company C,LAHORE EAST,LE,90900,PK,Credit Card,Chai,Beverages,18.00,42,756.00,75.60
8083,2019-01-01,1,Cust A,LAHORE EAST,LE,PK,Ahmed Ali,North,2019-01-12,Jan,Q1,Shipping Company C,LAHORE EAST,LE,90900,PK,Credit Card,Coffee,Beverages,46.00,58,2668.00,269.47
8084,2019-01-01,1,Cust A,LAHORE EAST,LE,PK,Ahmed Ali,North,2019-01-12,Jan,Q1,Shipping Company C,LAHORE EAST,LE,90900,PK,Credit Card,Green Tea,Beverages,2.99,67,200.33,20.03
8085,2019-01-28,28,Cust BB,JHELUM,JM,PK,Kamran Ahmed,South,2019-01-30,Jan,Q1,Shipping Company C,JHELUM,JM,90900,PK,Credit Card,Clam Chowder,Soups,9.65,100,965.00,93.61
8086,2019-01-28,28,Cust BB,JHELUM,JM,PK,Kamran Ahmed,South,2019-01-30,Jan,Q1,Shipping Company C,JHELUM,JM,90900,PK,Credit Card,Crab Meat,Canned Meat,18.40,63,1159.20,114.76
8087,2019-09-01,9,Cust I,LAHORE WEST,LW,PK,Muhammad Raza,West,2019-01-11,Jan,Q1,Shipping Company A,LAHORE WEST,LW,90900,PK,Check,Ravioli,Pasta,19.50,57,1111.50,110.04
8088,2019-09-01,9,Cust I,LAHORE WEST,LW,PK,Muhammad Raza,West,2019-01-11,Jan,Q1,Shipping Company A,LAHORE WEST,LW,90900,PK,Check,Mozzarella,Dairy Products,34.80,81,2818.80,295.97
8089,2019-06-01,6,Cust F,ISLAMABAD,ID,PK,Shahid Raza,North,2019-01-08,Jan,Q1,Shipping Company B,ISLAMABAD,ID,90900,PK,Credit Card,Sauce,Beverages,14.00,71,994.00,95.42
8030,2019-08-02,8,Cust H,FAISALABAD,FD,PK,Ahmed Ali,North,2019-02-10,Feb,Q1,Shipping Company B,FAISALABAD,FD,90900,PK,Check,Curry Sauce,Sauces,40.00,32,1280.00,129.28
8038,2019-03-02,3,Cust C,HYDERABAD,HD,PK,Salim Kanchwala,West,2019-02-05,Feb,Q1,Shipping Company B,HYDERABAD,HD,90900,PK,Cash,Syrup,Condiments,10.00,63,630.00,65.52
8038,2019-03-02,3,Cust C,HYDERABAD,HD,PK,Salim Kanchwala,West,2019-02-05,Feb,Q1,Shipping Company B,HYDERABAD,HD,90900,PK,Cash,Curry Sauce,Sauces,40.00,30,1200.00,120.00
8033,2019-06-02,6,Cust F,ISLAMABAD,ID,PK,Shahid Raza,North,2019-02-08,Feb,Q1,Shipping Company B,ISLAMABAD,ID,90900,PK,Credit Card,Curry Sauce,Sauces,40.00,30,1200.00,43.00
8034,2019-02-28,28,Cust BB,JHELUM,JM,PK,Kamran Ahmed,South,2019-03-02,Mar,Q1,Shipping Company C,JHELUM,JM,90900,PK,Check,Curry Sauce,Sauces,40.00,30,1200.00,31.00
8035,2019-08-02,8,Cust H,FAISALABAD,FD,PK,Ahmed Ali,North,2019-02-10,Feb,Q1,Shipping Company C,FAISALABAD,FD,90900,PK,Check,Curry Sauce,Sauces,40.00,30,1200.00,46.00
8036,2019-10-02,10,Cust J,KARACHI CENTRAL,KC,PK,Tausif Ali,East,2019-02-12,Feb,Q1,Shipping Company B,KARACHI CENTRAL,KC,90900,PK,Credit Card,Almonds,Dried Fruit & Nuts,10.00,47,470.00,48.88
8038,2019-10-02,10,Cust J,KARACHI CENTRAL,KC,PK,Tausif Ali,East,2019-02-12,Feb,Q1,Shipping Company A,KARACHI CENTRAL,KC,90900,PK,Credit Card,Dried Plums,Dried Fruit & Nuts,3.50,49,171.50,16.46
8039,2019-11-02,11,Cust K,KARACHI SOUTH,KS,PK,Kamran Ahmed,South,2019-02-12,Feb,Q1,Shipping Company C,KARACHI SOUTH,KS,90900,PK,Credit Card,Curry Sauce,Sauces,40.00,72,2880.00,285.12
8040,2019-01-02,1,Cust A,LAHORE EAST,LE,PK,Ahmed Ali,North,2019-02-12,Feb,Q1,Shipping Company C,LAHORE EAST,LE,90900,PK,Credit Card,Crab Meat,Canned Meat,18.40,13,239.20,23.68
8048,2019-02-28,28,Cust BB,JHELUM,JM,PK,Kamran Ahmed,South,2019-03-02,Mar,Q1,Shipping Company C,JHELUM,JM,90900,PK,Credit Card,Coffee,Beverages,46.00,32,1472.00,148.67
8048,2019-09-02,9,Cust I,LAHORE WEST,LW,PK,Muhammad Raza,West,2019-02-11,Feb,Q1,Shipping Company A,LAHORE WEST,LW,90900,PK,Check,Clam Chowder,Soups,9.65,27,260.55,24.75
8043,2019-06-02,6,Cust F,ISLAMABAD,ID,PK,Shahid Raza,North,2019-02-08,Feb,Q1,Shipping Company B,ISLAMABAD,ID,90900,PK,Credit Card,Chocolate,Candy,12.75,71,905.25,91.43
8044,2019-08-02,8,Cust H,FAISALABAD,FD,PK,Ahmed Ali,North,2019-02-10,Feb,Q1,Shipping Company B,FAISALABAD,FD,90900,PK,Check,Chocolate,Candy,12.75,13,165.75,15.75
8045,2019-02-25,25,Cust Y,KARACHI CENTRAL,KC,PK,Tausif Ali,East,2019-02-27,Feb,Q1,Shipping Company A,KARACHI CENTRAL,KC,90900,PK,Cash,Cajun Seasoning,Condiments,22.00,98,2156.00,204.82
8046,2019-02-26,26,Cust Z,KARACHI SOUTH,KS,PK,Kamran Ahmed,South,2019-02-28,Feb,Q1,Shipping Company C,KARACHI SOUTH,KS,90900,PK,Credit Card,Boysenberry Spread,"Jams, Preserves",25.00,21,525.00,53.55
8047,2019-01-03,29,Cust CC,GUJRANWALA,GA,PK,Salman Shah,West,2019-03-03,Mar,Q1,Shipping Company B,GUJRANWALA,GA,90900,PK,Check,Fruit Cocktail,Fruit & Veg,39.00,26,1014.00,106.47
8048,2019-06-02,6,Cust F,ISLAMABAD,ID,PK,Shahid Raza,North,2019-02-08,Feb,Q1,Shipping Company C,ISLAMABAD,ID,90900,PK,Check,Dried Pears,Dried Fruit & Nuts,30.00,96,2880.00,296.64
8049,2019-06-02,6,Cust F,ISLAMABAD,ID,PK,Shahid Raza,North,2019-02-08,Feb,Q1,Shipping Company C,ISLAMABAD,ID,90900,PK,Check,Dried Apples,Dried Fruit & Nuts,53.00,16,848.00,88.19
8050,2019-04-02,4,Cust D,BAHAWALPUR,BR,PK,Munir Nizar,East,2019-02-08,Feb,Q1,Shipping Company C,BAHAWALPUR,BR,90900,PK,Check,Gnocchi,Pasta,38.00,96,3648.00,346.56
8058,2019-03-02,3,Cust C,HYDERABAD,HD,PK,Salim Kanchwala,West,2019-02-08,Feb,Q1,Shipping Company C,HYDERABAD,HD,90900,PK,Check,Green Tea,Beverages,2.99,75,224.25,23.10
8058,2019-09-03,9,Cust I,LAHORE WEST,LW,PK,Muhammad Raza,West,2019-03-11,Mar,Q1,Shipping Company A,LAHORE WEST,LW,90900,PK,Check,Ravioli,Pasta,19.50,55,1072.50,108.32
8053,2019-09-03,9,Cust I,LAHORE WEST,LW,PK,Muhammad Raza,West,2019-03-11,Mar,Q1,Shipping Company A,LAHORE WEST,LW,90900,PK,Check,Mozzarella,Dairy Products,34.80,11,382.80,36.75
8054,2019-06-03,6,Cust F,ISLAMABAD,ID,PK,Shahid Raza,North,2019-03-08,Mar,Q1,Shipping Company B,ISLAMABAD,ID,90900,PK,Credit Card,Sauce,Beverages,14.00,53,742.00,71.97
8055,2019-08-03,8,Cust H,FAISALABAD,FD,PK,Ahmed Ali,North,2019-03-10,Mar,Q1,Shipping Company B,FAISALABAD,FD,90900,PK,Check,Curry Sauce,Sauces,40.00,85,3400.00,357.00
8056,2019-08-03,8,Cust H,FAISALABAD,FD,PK,Ahmed Ali,North,2019-03-10,Mar,Q1,Shipping Company B,FAISALABAD,FD,90900,PK,Check,Chocolate Biscuits Mix,Baked Goods & Mixes,9.20,97,892.40,91.02
8057,2019-03-25,25,Cust Y,KARACHI CENTRAL,KC,PK,Tausif Ali,East,2019-03-27,Mar,Q1,Shipping Company A,KARACHI CENTRAL,KC,90900,PK,Cash,Scones,Baked Goods & Mixes,10.00,46,460.00,46.46
8058,2019-03-26,26,Cust Z,KARACHI SOUTH,KS,PK,Kamran Ahmed,South,2019-03-28,Mar,Q1,Shipping Company C,KARACHI SOUTH,KS,90900,PK,Credit Card,Olive Oil,Oil,21.35,97,2070.95,196.74
8059,2019-03-26,26,Cust Z,KARACHI SOUTH,KS,PK,Kamran Ahmed,South,2019-03-28,Mar,Q1,Shipping Company C,KARACHI SOUTH,KS,90900,PK,Credit Card,Clam Chowder,Soups,9.65,97,936.05,95.48
8060,2019-03-26,26,Cust Z,KARACHI SOUTH,KS,PK,Kamran Ahmed,South,2019-03-28,Mar,Q1,Shipping Company C,KARACHI SOUTH,KS,90900,PK,Credit Card,Crab Meat,Canned Meat,18.40,65,1196.00,123.19
8068,2019-03-29,29,Cust CC,GUJRANWALA,GA,PK,Salman Shah,West,2019-03-31,Mar,Q1,Shipping Company B,GUJRANWALA,GA,90900,PK,Check,Sauce,Beverages,14.00,72,1008.00,100.80
8068,2019-06-03,6,Cust F,ISLAMABAD,ID,PK,Shahid Raza,North,2019-03-08,Mar,Q1,Shipping Company C,ISLAMABAD,ID,90900,PK,Check,Chocolate,Candy,12.75,16,204.00,20.20
8064,2019-04-03,4,Cust D,BAHAWALPUR,BR,PK,Munir Nizar,East,2019-03-06,Mar,Q1,Shipping Company A,BAHAWALPUR,BR,90900,PK,Credit Card,Marmalade,"Jams, Preserves",81.00,77,6237.00,642.41
8065,2019-04-03,4,Cust D,BAHAWALPUR,BR,PK,Munir Nizar,East,2019-03-06,Mar,Q1,Shipping Company A,BAHAWALPUR,BR,90900,PK,Credit Card,Long Grain Rice,Grains,7.00,37,259.00,24.61
8067,2019-08-03,8,Cust H,FAISALABAD,FD,PK,Ahmed Ali,North,2019-03-10,Mar,Q1,Shipping Company C,FAISALABAD,FD,90900,PK,Credit Card,Mozzarella,Dairy Products,34.80,63,2192.40,217.05
8070,2019-03-03,3,Cust C,HYDERABAD,HD,PK,Salim Kanchwala,West,2019-03-05,Mar,Q1,Shipping Company B,HYDERABAD,HD,90900,PK,Cash,Syrup,Condiments,10.00,48,480.00,48.00
8078,2019-03-03,3,Cust C,HYDERABAD,HD,PK,Salim Kanchwala,West,2019-03-05,Mar,Q1,Shipping Company B,HYDERABAD,HD,90900,PK,Cash,Curry Sauce,Sauces,40.00,71,2840.00,295.36
8075,2019-10-03,10,Cust J,KARACHI CENTRAL,KC,PK,Tausif Ali,East,2019-03-12,Mar,Q1,Shipping Company B,KARACHI CENTRAL,KC,90900,PK,Credit Card,Almonds,Dried Fruit & Nuts,10.00,55,550.00,55.00
8077,2019-10-03,10,Cust J,KARACHI CENTRAL,KC,PK,Tausif Ali,East,2019-03-12,Mar,Q1,Shipping Company A,KARACHI CENTRAL,KC,90900,PK,Credit Card,Dried Plums,Dried Fruit & Nuts,3.50,21,73.50,7.35
8078,2019-11-03,11,Cust K,KARACHI SOUTH,KS,PK,Kamran Ahmed,South,2019-03-12,Mar,Q1,Shipping Company C,KARACHI SOUTH,KS,90900,PK,Credit Card,Curry Sauce,Sauces,40.00,67,2680.00,270.68
8079,2019-01-03,1,Cust A,LAHORE EAST,LE,PK,Ahmed Ali,North,2019-03-12,Mar,Q1,Shipping Company C,LAHORE EAST,LE,90900,PK,Credit Card,Crab Meat,Canned Meat,18.40,75,1380.00,138.00
8080,2019-03-28,28,Cust BB,JHELUM,JM,PK,Kamran Ahmed,South,2019-03-30,Mar,Q1,Shipping Company C,JHELUM,JM,90900,PK,Credit Card,Coffee,Beverages,46.00,17,782.00,80.55
8088,2019-04-04,4,Cust D,BAHAWALPUR,BR,PK,Munir Nizar,East,2019-04-06,Apr,Q2,Shipping Company A,BAHAWALPUR,BR,90900,PK,Credit Card,Dried Plums,Dried Fruit & Nuts,3.50,48,168.00,16.30
8088,2019-12-04,12,Cust L,MULTAN,MN,PK,Salim Kanchwala,West,2019-04-14,Apr,Q2,Shipping Company B,MULTAN,MN,90900,PK,Credit Card,Chai,Beverages,18.00,74,1332.00,137.20
8083,2019-12-04,12,Cust L,MULTAN,MN,PK,Salim Kanchwala,West,2019-04-14,Apr,Q2,Shipping Company B,MULTAN,MN,90900,PK,Credit Card,Coffee,Beverages,46.00,96,4416.00,428.35
8084,2019-08-04,8,Cust H,FAISALABAD,FD,PK,Ahmed Ali,North,2019-04-10,Apr,Q2,Shipping Company C,FAISALABAD,FD,90900,PK,Credit Card,Chocolate Biscuits Mix,Baked Goods & Mixes,9.20,12,110.40,11.37
8085,2019-04-04,4,Cust D,BAHAWALPUR,BR,PK,Munir Nizar,East,2019-04-06,Apr,Q2,Shipping Company C,BAHAWALPUR,BR,90900,PK,Check,Chocolate Biscuits Mix,Baked Goods & Mixes,9.20,62,570.40,58.75
8086,2019-04-29,29,Cust CC,GUJRANWALA,GA,PK,Salman Shah,West,2019-05-01,May,Q2,Shipping Company B,GUJRANWALA,GA,90900,PK,Check,Chocolate,Candy,12.75,35,446.25,45.96
8087,2019-03-04,3,Cust C,HYDERABAD,HD,PK,Salim Kanchwala,West,2019-04-05,Apr,Q2,Shipping Company B,HYDERABAD,HD,90900,PK,Cash,Clam Chowder,Soups,9.65,95,916.75,91.68
8088,2019-06-04,6,Cust F,ISLAMABAD,ID,PK,Shahid Raza,North,2019-04-08,Apr,Q2,Shipping Company B,ISLAMABAD,ID,90900,PK,Credit Card,Curry Sauce,Sauces,40.00,17,680.00,68.68
8089,2019-04-28,28,Cust BB,JHELUM,JM,PK,Kamran Ahmed,South,2019-04-30,Apr,Q2,Shipping Company C,JHELUM,JM,90900,PK,Check,Coffee,Beverages,46.00,96,4416.00,463.68
8090,2019-08-04,8,Cust H,FAISALABAD,FD,PK,Ahmed Ali,North,2019-04-10,Apr,Q2,Shipping Company C,FAISALABAD,FD,90900,PK,Check,Chocolate,Candy,12.75,83,1058.25,102.65
8098,2019-10-04,10,Cust J,KARACHI CENTRAL,KC,PK,Tausif Ali,East,2019-04-12,Apr,Q2,Shipping Company B,KARACHI CENTRAL,KC,90900,PK,Credit Card,Green Tea,Beverages,2.99,88,263.12,26.05
8098,2019-07-04,7,Cust G,KARACHI NORTH,KI,PK,Ahmed Ali,North,2019-04-12,Apr,Q2,Shipping Company B,KARACHI NORTH,KI,90900,PK,Credit Card,Coffee,Beverages,46.00,59,2714.00,284.97
8093,2019-10-04,10,Cust J,KARACHI CENTRAL,KC,PK,Tausif Ali,East,2019-04-12,Apr,Q2,Shipping Company A,KARACHI CENTRAL,KC,90900,PK,Credit Card,Boysenberry Spread,"Jams, Preserves",25.00,27,675.00,68.85
8094,2019-10-04,10,Cust J,KARACHI CENTRAL,KC,PK,Tausif Ali,East,2019-04-12,Apr,Q2,Shipping Company A,KARACHI CENTRAL,KC,90900,PK,Credit Card,Cajun Seasoning,Condiments,22.00,37,814.00,85.47
8095,2019-10-04,10,Cust J,KARACHI CENTRAL,KC,PK,Tausif Ali,East,2019-04-12,Apr,Q2,Shipping Company A,KARACHI CENTRAL,KC,90900,PK,Credit Card,Chocolate Biscuits Mix,Baked Goods & Mixes,9.20,75,690.00,69.00
8096,2019-11-04,11,Cust K,KARACHI SOUTH,KS,PK,Kamran Ahmed,South,2019-04-12,Apr,Q2,Shipping Company C,KARACHI SOUTH,KS,90900,PK,Credit Card,Dried Plums,Dried Fruit & Nuts,3.50,71,248.50,24.10
8097,2019-11-04,11,Cust K,KARACHI SOUTH,KS,PK,Kamran Ahmed,South,2019-04-12,Apr,Q2,Shipping Company C,KARACHI SOUTH,KS,90900,PK,Credit Card,Green Tea,Beverages,2.99,88,263.12,26.05
8098,2019-01-04,1,Cust A,LAHORE EAST,LE,PK,Ahmed Ali,North,2019-04-12,Apr,Q2,Shipping Company C,LAHORE EAST,LE,90900,PK,Credit Card,Chai,Beverages,18.00,55,990.00,97.02
8099,2019-05-29,29,Cust CC,GUJRANWALA,GA,PK,Salman Shah,West,2019-05-31,May,Q2,Shipping Company B,GUJRANWALA,GA,90900,PK,Check,Chocolate,Candy,12.75,14,178.50,16.96
8800,2019-03-05,3,Cust C,HYDERABAD,HD,PK,Salim Kanchwala,West,2019-05-05,May,Q2,Shipping Company B,HYDERABAD,HD,90900,PK,Cash,Clam Chowder,Soups,9.65,43,414.95,42.32
8808,2019-06-05,6,Cust F,ISLAMABAD,ID,PK,Shahid Raza,North,2019-05-08,May,Q2,Shipping Company B,ISLAMABAD,ID,90900,PK,Credit Card,Curry Sauce,Sauces,40.00,63,2520.00,254.52
8808,2019-05-28,28,Cust BB,JHELUM,JM,PK,Kamran Ahmed,South,2019-05-30,May,Q2,Shipping Company C,JHELUM,JM,90900,PK,Check,Coffee,Beverages,46.00,36,1656.00,165.60
8803,2019-08-05,8,Cust H,FAISALABAD,FD,PK,Ahmed Ali,North,2019-05-10,May,Q2,Shipping Company C,FAISALABAD,FD,90900,PK,Check,Chocolate,Candy,12.75,41,522.75,54.37
8804,2019-10-05,10,Cust J,KARACHI CENTRAL,KC,PK,Tausif Ali,East,2019-05-12,May,Q2,Shipping Company B,KARACHI CENTRAL,KC,90900,PK,Credit Card,Green Tea,Beverages,2.99,35,104.65,10.26
8805,2019-07-05,7,Cust G,KARACHI NORTH,KI,PK,Ahmed Ali,North,2019-05-12,May,Q2,Shipping Company B,KARACHI NORTH,KI,90900,PK,Credit Card,Coffee,Beverages,46.00,31,1426.00,136.90
8806,2019-10-05,10,Cust J,KARACHI CENTRAL,KC,PK,Tausif Ali,East,2019-05-12,May,Q2,Shipping Company A,KARACHI CENTRAL,KC,90900,PK,Credit Card,Boysenberry Spread,"Jams, Preserves",25.00,52,1300.00,123.50
8807,2019-10-05,10,Cust J,KARACHI CENTRAL,KC,PK,Tausif Ali,East,2019-05-12,May,Q2,Shipping Company A,KARACHI CENTRAL,KC,90900,PK,Credit Card,Cajun Seasoning,Condiments,22.00,30,660.00,67.32
8808,2019-10-05,10,Cust J,KARACHI CENTRAL,KC,PK,Tausif Ali,East,2019-05-12,May,Q2,Shipping Company A,KARACHI CENTRAL,KC,90900,PK,Credit Card,Chocolate Biscuits Mix,Baked Goods & Mixes,9.20,41,377.20,38.47
8809,2019-11-05,11,Cust K,KARACHI SOUTH,KS,PK,Kamran Ahmed,South,2019-05-12,May,Q2,Shipping Company C,KARACHI SOUTH,KS,90900,PK,Credit Card,Dried Plums,Dried Fruit & Nuts,3.50,44,154.00,15.25
8880,2019-11-05,11,Cust K,KARACHI SOUTH,KS,PK,Kamran Ahmed,South,2019-05-12,May,Q2,Shipping Company C,KARACHI SOUTH,KS,90900,PK,Credit Card,Green Tea,Beverages,2.99,77,230.23,23.02
8888,2019-01-05,1,Cust A,LAHORE EAST,LE,PK,Ahmed Ali,North,2019-05-12,May,Q2,Shipping Company C,LAHORE EAST,LE,90900,PK,Credit Card,Chai,Beverages,18.00,29,522.00,52.72
8888,2019-01-05,1,Cust A,LAHORE EAST,LE,PK,Ahmed Ali,North,2019-05-12,May,Q2,Shipping Company C,LAHORE EAST,LE,90900,PK,Credit Card,Coffee,Beverages,46.00,77,3542.00,368.37
8883,2019-01-05,1,Cust A,LAHORE EAST,LE,PK,Ahmed Ali,North,2019-05-12,May,Q2,Shipping Company C,LAHORE EAST,LE,90900,PK,Credit Card,Green Tea,Beverages,2.99,73,218.27,21.83
8884,2019-05-28,28,Cust BB,JHELUM,JM,PK,Kamran Ahmed,South,2019-05-30,May,Q2,Shipping Company C,JHELUM,JM,90900,PK,Credit Card,Clam Chowder,Soups,9.65,74,714.10,67.84
8885,2019-05-28,28,Cust BB,JHELUM,JM,PK,Kamran Ahmed,South,2019-05-30,May,Q2,Shipping Company C,JHELUM,JM,90900,PK,Credit Card,Crab Meat,Canned Meat,18.40,25,460.00,46.46
8886,2019-09-05,9,Cust I,LAHORE WEST,LW,PK,Muhammad Raza,West,2019-05-11,May,Q2,Shipping Company A,LAHORE WEST,LW,90900,PK,Check,Ravioli,Pasta,19.50,82,1599.00,153.50
8887,2019-09-05,9,Cust I,LAHORE WEST,LW,PK,Muhammad Raza,West,2019-05-11,May,Q2,Shipping Company A,LAHORE WEST,LW,90900,PK,Check,Mozzarella,Dairy Products,34.80,37,1287.60,132.62
8888,2019-06-05,6,Cust F,ISLAMABAD,ID,PK,Shahid Raza,North,2019-05-08,May,Q2,Shipping Company B,ISLAMABAD,ID,90900,PK,Credit Card,Sauce,Beverages,14.00,84,1176.00,112.90
8889,2019-08-05,8,Cust H,FAISALABAD,FD,PK,Ahmed Ali,North,2019-05-10,May,Q2,Shipping Company B,FAISALABAD,FD,90900,PK,Check,Curry Sauce,Sauces,40.00,73,2920.00,283.24
8880,2019-08-05,8,Cust H,FAISALABAD,FD,PK,Ahmed Ali,North,2019-05-10,May,Q2,Shipping Company B,FAISALABAD,FD,90900,PK,Check,Chocolate Biscuits Mix,Baked Goods & Mixes,9.20,51,469.20,44.57
8888,2019-05-25,25,Cust Y,KARACHI CENTRAL,KC,PK,Tausif Ali,East,2019-05-27,May,Q2,Shipping Company A,KARACHI CENTRAL,KC,90900,PK,Cash,Scones,Baked Goods & Mixes,10.00,66,660.00,68.64
8888,2019-05-26,26,Cust Z,KARACHI SOUTH,KS,PK,Kamran Ahmed,South,2019-05-28,May,Q2,Shipping Company C,KARACHI SOUTH,KS,90900,PK,Credit Card,Olive Oil,Oil,21.35,36,768.60,74.55
8883,2019-05-26,26,Cust Z,KARACHI SOUTH,KS,PK,Kamran Ahmed,South,2019-05-28,May,Q2,Shipping Company C,KARACHI SOUTH,KS,90900,PK,Credit Card,Clam Chowder,Soups,9.65,87,839.55,87.31
8884,2019-05-26,26,Cust Z,KARACHI SOUTH,KS,PK,Kamran Ahmed,South,2019-05-28,May,Q2,Shipping Company C,KARACHI SOUTH,KS,90900,PK,Credit Card,Crab Meat,Canned Meat,18.40,64,1177.60,115.40
8885,2019-05-29,29,Cust CC,GUJRANWALA,GA,PK,Salman Shah,West,2019-05-31,May,Q2,Shipping Company B,GUJRANWALA,GA,90900,PK,Check,Sauce,Beverages,14.00,21,294.00,30.87
8886,2019-06-05,6,Cust F,ISLAMABAD,ID,PK,Shahid Raza,North,2019-05-08,May,Q2,Shipping Company C,ISLAMABAD,ID,90900,PK,Check,Chocolate,Candy,12.75,19,242.25,24.47
8888,2019-04-05,4,Cust D,BAHAWALPUR,BR,PK,Munir Nizar,East,2019-05-06,May,Q2,Shipping Company A,BAHAWALPUR,BR,90900,PK,Credit Card,Marmalade,"Jams, Preserves",81.00,23,1863.00,195.62
8889,2019-04-05,4,Cust D,BAHAWALPUR,BR,PK,Munir Nizar,East,2019-05-06,May,Q2,Shipping Company A,BAHAWALPUR,BR,90900,PK,Credit Card,Long Grain Rice,Grains,7.00,72,504.00,51.91
8838,2019-08-05,8,Cust H,FAISALABAD,FD,PK,Ahmed Ali,North,2019-05-10,May,Q2,Shipping Company C,FAISALABAD,FD,90900,PK,Credit Card,Mozzarella,Dairy Products,34.80,22,765.60,75.03
8834,2019-03-05,3,Cust C,HYDERABAD,HD,PK,Salim Kanchwala,West,2019-05-05,May,Q2,Shipping Company B,HYDERABAD,HD,90900,PK,Cash,Syrup,Condiments,10.00,82,820.00,85.28
8835,2019-03-05,3,Cust C,HYDERABAD,HD,PK,Salim Kanchwala,West,2019-05-05,May,Q2,Shipping Company B,HYDERABAD,HD,90900,PK,Cash,Curry Sauce,Sauces,40.00,98,3920.00,411.60
8838,2019-07-06,7,Cust G,KARACHI NORTH,KI,PK,Ahmed Ali,North,2019-05-05,May,Q2,Shipping Company B,KARACHI NORTH,KI,90900,PK,Cash,Coffee,Beverages,46.00,71,3266.00,310.27
8839,2019-10-06,10,Cust J,KARACHI CENTRAL,KC,PK,Tausif Ali,East,2019-06-12,Jun,Q2,Shipping Company A,KARACHI CENTRAL,KC,90900,PK,Cash,Boysenberry Spread,"Jams, Preserves",25.00,40,1000.00,105.00
8840,2019-10-06,10,Cust J,KARACHI CENTRAL,KC,PK,Tausif Ali,East,2019-06-12,Jun,Q2,Shipping Company A,KARACHI CENTRAL,KC,90900,PK,Cash,Cajun Seasoning,Condiments,22.00,80,1760.00,172.48
8848,2019-10-06,10,Cust J,KARACHI CENTRAL,KC,PK,Tausif Ali,East,2019-06-12,Jun,Q2,Shipping Company A,KARACHI CENTRAL,KC,90900,PK,Cash,Chocolate Biscuits Mix,Baked Goods & Mixes,9.20,38,349.60,33.21
8848,2019-11-06,11,Cust K,KARACHI SOUTH,KS,PK,Kamran Ahmed,South,2019-06-12,Jun,Q2,Shipping Company C,KARACHI SOUTH,KS,90900,PK,Cash,Dried Plums,Dried Fruit & Nuts,3.50,28,98.00,10.29
8843,2019-11-06,11,Cust K,KARACHI SOUTH,KS,PK,Kamran Ahmed,South,2019-06-12,Jun,Q2,Shipping Company C,KARACHI SOUTH,KS,90900,PK,Cash,Green Tea,Beverages,2.99,60,179.40,17.58
8844,2019-01-06,1,Cust A,LAHORE EAST,LE,PK,Ahmed Ali,North,2019-06-12,Jun,Q2,Shipping Company C,LAHORE EAST,LE,90900,PK,Cash,Chai,Beverages,18.00,33,594.00,58.21
8845,2019-01-06,1,Cust A,LAHORE EAST,LE,PK,Ahmed Ali,North,2019-06-12,Jun,Q2,Shipping Company C,LAHORE EAST,LE,90900,PK,Cash,Coffee,Beverages,46.00,22,1012.00,101.20
8846,2019-01-06,1,Cust A,LAHORE EAST,LE,PK,Ahmed Ali,North,2019-06-12,Jun,Q2,Shipping Company C,LAHORE EAST,LE,90900,PK,Cash,Green Tea,Beverages,2.99,51,152.49,14.94
8847,2019-06-28,28,Cust BB,JHELUM,JM,PK,Kamran Ahmed,South,2019-06-30,Jun,Q2,Shipping Company C,JHELUM,JM,90900,PK,Credit Card,Clam Chowder,Soups,9.65,60,579.00,57.32
8848,2019-06-28,28,Cust BB,JHELUM,JM,PK,Kamran Ahmed,South,2019-06-30,Jun,Q2,Shipping Company C,JHELUM,JM,90900,PK,Credit Card,Crab Meat,Canned Meat,18.40,98,1803.20,183.93
8849,2019-09-06,9,Cust I,LAHORE WEST,LW,PK,Muhammad Raza,West,2019-06-11,Jun,Q2,Shipping Company A,LAHORE WEST,LW,90900,PK,Check,Ravioli,Pasta,19.50,27,526.50,51.07
8850,2019-09-06,9,Cust I,LAHORE WEST,LW,PK,Muhammad Raza,West,2019-06-11,Jun,Q2,Shipping Company A,LAHORE WEST,LW,90900,PK,Check,Mozzarella,Dairy Products,34.80,88,3062.40,303.18
8858,2019-06-06,6,Cust F,ISLAMABAD,ID,PK,Shahid Raza,North,2019-06-08,Jun,Q2,Shipping Company B,ISLAMABAD,ID,90900,PK,Credit Card,Sauce,Beverages,14.00,65,910.00,95.55
8858,2019-08-06,8,Cust H,FAISALABAD,FD,PK,Ahmed Ali,North,2019-06-10,Jun,Q2,Shipping Company B,FAISALABAD,FD,90900,PK,Check,Curry Sauce,Sauces,40.00,38,1520.00,148.96
8853,2019-08-06,8,Cust H,FAISALABAD,FD,PK,Ahmed Ali,North,2019-06-10,Jun,Q2,Shipping Company B,FAISALABAD,FD,90900,PK,Check,Chocolate Biscuits Mix,Baked Goods & Mixes,9.20,80,736.00,70.66
8854,2019-06-25,25,Cust Y,KARACHI CENTRAL,KC,PK,Tausif Ali,East,2019-06-27,Jun,Q2,Shipping Company A,KARACHI CENTRAL,KC,90900,PK,Cash,Scones,Baked Goods & Mixes,10.00,49,490.00,47.04
8855,2019-06-26,26,Cust Z,KARACHI SOUTH,KS,PK,Kamran Ahmed,South,2019-06-28,Jun,Q2,Shipping Company C,KARACHI SOUTH,KS,90900,PK,Credit Card,Olive Oil,Oil,21.35,90,1921.50,186.39
8856,2019-06-26,26,Cust Z,KARACHI SOUTH,KS,PK,Kamran Ahmed,South,2019-06-28,Jun,Q2,Shipping Company C,KARACHI SOUTH,KS,90900,PK,Credit Card,Clam Chowder,Soups,9.65,60,579.00,59.64
8857,2019-06-26,26,Cust Z,KARACHI SOUTH,KS,PK,Kamran Ahmed,South,2019-06-28,Jun,Q2,Shipping Company C,KARACHI SOUTH,KS,90900,PK,Credit Card,Crab Meat,Canned Meat,18.40,39,717.60,71.76
8858,2019-06-29,29,Cust CC,GUJRANWALA,GA,PK,Salman Shah,West,2019-07-01,Jul,Q3,Shipping Company B,GUJRANWALA,GA,90900,PK,Check,Sauce,Beverages,14.00,79,1106.00,113.92
8859,2019-06-06,6,Cust F,ISLAMABAD,ID,PK,Shahid Raza,North,2019-06-08,Jun,Q2,Shipping Company C,ISLAMABAD,ID,90900,PK,Check,Chocolate,Candy,12.75,44,561.00,57.22
8868,2019-04-06,4,Cust D,BAHAWALPUR,BR,PK,Munir Nizar,East,2019-06-06,Jun,Q2,Shipping Company A,BAHAWALPUR,BR,90900,PK,Credit Card,Marmalade,"Jams, Preserves",81.00,98,7938.00,769.99
8868,2019-04-06,4,Cust D,BAHAWALPUR,BR,PK,Munir Nizar,East,2019-06-06,Jun,Q2,Shipping Company A,BAHAWALPUR,BR,90900,PK,Credit Card,Long Grain Rice,Grains,7.00,61,427.00,42.27
8864,2019-08-06,8,Cust H,FAISALABAD,FD,PK,Ahmed Ali,North,2019-06-10,Jun,Q2,Shipping Company C,FAISALABAD,FD,90900,PK,Credit Card,Mozzarella,Dairy Products,34.80,30,1044.00,109.62
8867,2019-03-06,3,Cust C,HYDERABAD,HD,PK,Salim Kanchwala,West,2019-06-05,Jun,Q2,Shipping Company B,HYDERABAD,HD,90900,PK,Cash,Syrup,Condiments,10.00,24,240.00,25.20
8868,2019-03-06,3,Cust C,HYDERABAD,HD,PK,Salim Kanchwala,West,2019-06-05,Jun,Q2,Shipping Company B,HYDERABAD,HD,90900,PK,Cash,Curry Sauce,Sauces,40.00,28,1120.00,109.76
8878,2019-10-06,10,Cust J,KARACHI CENTRAL,KC,PK,Tausif Ali,East,2019-06-12,Jun,Q2,Shipping Company B,KARACHI CENTRAL,KC,90900,PK,Credit Card,Almonds,Dried Fruit & Nuts,10.00,74,740.00,71.78
8874,2019-10-06,10,Cust J,KARACHI CENTRAL,KC,PK,Tausif Ali,East,2019-06-12,Jun,Q2,Shipping Company A,KARACHI CENTRAL,KC,90900,PK,Credit Card,Dried Plums,Dried Fruit & Nuts,3.50,90,315.00,30.24
8875,2019-11-06,11,Cust K,KARACHI SOUTH,KS,PK,Kamran Ahmed,South,2019-06-12,Jun,Q2,Shipping Company C,KARACHI SOUTH,KS,90900,PK,Credit Card,Curry Sauce,Sauces,40.00,27,1080.00,111.24
8876,2019-01-06,1,Cust A,LAHORE EAST,LE,PK,Ahmed Ali,North,2019-06-12,Jun,Q2,Shipping Company C,LAHORE EAST,LE,90900,PK,Credit Card,Crab Meat,Canned Meat,18.40,71,1306.40,137.17
8877,2019-06-28,28,Cust BB,JHELUM,JM,PK,Kamran Ahmed,South,2019-06-30,Jun,Q2,Shipping Company C,JHELUM,JM,90900,PK,Credit Card,Coffee,Beverages,46.00,74,3404.00,340.40
8878,2019-09-06,9,Cust I,LAHORE WEST,LW,PK,Muhammad Raza,West,2019-06-11,Jun,Q2,Shipping Company A,LAHORE WEST,LW,90900,PK,Check,Clam Chowder,Soups,9.65,76,733.40,72.61
8879,2019-06-06,6,Cust F,ISLAMABAD,ID,PK,Shahid Raza,North,2019-06-08,Jun,Q2,Shipping Company B,ISLAMABAD,ID,90900,PK,Credit Card,Chocolate,Candy,12.75,96,1224.00,123.62
8880,2019-08-06,8,Cust H,FAISALABAD,FD,PK,Ahmed Ali,North,2019-06-10,Jun,Q2,Shipping Company B,FAISALABAD,FD,90900,PK,Check,Chocolate,Candy,12.75,92,1173.00,116.13
8888,2019-06-25,25,Cust Y,KARACHI CENTRAL,KC,PK,Tausif Ali,East,2019-06-27,Jun,Q2,Shipping Company A,KARACHI CENTRAL,KC,90900,PK,Cash,Cajun Seasoning,Condiments,22.00,93,2046.00,200.51
8888,2019-06-26,26,Cust Z,KARACHI SOUTH,KS,PK,Kamran Ahmed,South,2019-06-28,Jun,Q2,Shipping Company C,KARACHI SOUTH,KS,90900,PK,Credit Card,Boysenberry Spread,"Jams, Preserves",25.00,18,450.00,42.75
8883,2019-06-29,29,Cust CC,GUJRANWALA,GA,PK,Salman Shah,West,2019-07-01,Jul,Q3,Shipping Company B,GUJRANWALA,GA,90900,PK,Check,Fruit Cocktail,Fruit & Veg,39.00,98,3822.00,397.49
8884,2019-06-06,6,Cust F,ISLAMABAD,ID,PK,Shahid Raza,North,2019-06-08,Jun,Q2,Shipping Company C,ISLAMABAD,ID,90900,PK,Check,Dried Pears,Dried Fruit & Nuts,30.00,46,1380.00,135.24
8885,2019-06-06,6,Cust F,ISLAMABAD,ID,PK,Shahid Raza,North,2019-06-08,Jun,Q2,Shipping Company C,ISLAMABAD,ID,90900,PK,Check,Dried Apples,Dried Fruit & Nuts,53.00,14,742.00,74.20
8886,2019-04-06,4,Cust D,BAHAWALPUR,BR,PK,Munir Nizar,East,2019-06-08,Jun,Q2,Shipping Company C,BAHAWALPUR,BR,90900,PK,Check,Gnocchi,Pasta,38.00,85,3230.00,319.77
8887,2019-03-06,3,Cust C,HYDERABAD,HD,PK,Salim Kanchwala,West,2019-06-08,Jun,Q2,Shipping Company C,HYDERABAD,HD,90900,PK,Check,Green Tea,Beverages,2.99,88,263.12,25.52
8888,2019-01-07,1,Cust A,LAHORE EAST,LE,PK,Ahmed Ali,North,2019-06-08,Jun,Q2,Shipping Company C,LAHORE EAST,LE,90900,PK,Check,Green Tea,Beverages,2.99,81,242.19,23.98
8889,2019-07-28,28,Cust BB,JHELUM,JM,PK,Kamran Ahmed,South,2019-07-30,Jul,Q3,Shipping Company C,JHELUM,JM,90900,PK,Credit Card,Clam Chowder,Soups,9.65,33,318.45,30.25
8890,2019-07-28,28,Cust BB,JHELUM,JM,PK,Kamran Ahmed,South,2019-07-30,Jul,Q3,Shipping Company C,JHELUM,JM,90900,PK,Credit Card,Crab Meat,Canned Meat,18.40,47,864.80,90.80
8898,2019-09-07,9,Cust I,LAHORE WEST,LW,PK,Muhammad Raza,West,2019-07-11,Jul,Q3,Shipping Company A,LAHORE WEST,LW,90900,PK,Check,Ravioli,Pasta,19.50,61,1189.50,123.71
8898,2019-09-07,9,Cust I,LAHORE WEST,LW,PK,Muhammad Raza,West,2019-07-11,Jul,Q3,Shipping Company A,LAHORE WEST,LW,90900,PK,Check,Mozzarella,Dairy Products,34.80,27,939.60,95.84
8893,2019-06-07,6,Cust F,ISLAMABAD,ID,PK,Shahid Raza,North,2019-07-08,Jul,Q3,Shipping Company B,ISLAMABAD,ID,90900,PK,Credit Card,Sauce,Beverages,14.00,84,1176.00,118.78
8894,2019-08-07,8,Cust H,FAISALABAD,FD,PK,Ahmed Ali,North,2019-07-10,Jul,Q3,Shipping Company B,FAISALABAD,FD,90900,PK,Check,Curry Sauce,Sauces,40.00,91,3640.00,360.36
8895,2019-08-07,8,Cust H,FAISALABAD,FD,PK,Ahmed Ali,North,2019-07-10,Jul,Q3,Shipping Company B,FAISALABAD,FD,90900,PK,Check,Chocolate Biscuits Mix,Baked Goods & Mixes,9.20,36,331.20,34.44
8896,2019-07-25,25,Cust Y,KARACHI CENTRAL,KC,PK,Tausif Ali,East,2019-07-27,Jul,Q3,Shipping Company A,KARACHI CENTRAL,KC,90900,PK,Cash,Scones,Baked Goods & Mixes,10.00,34,340.00,34.34
8897,2019-07-26,26,Cust Z,KARACHI SOUTH,KS,PK,Kamran Ahmed,South,2019-07-28,Jul,Q3,Shipping Company C,KARACHI SOUTH,KS,90900,PK,Credit Card,Olive Oil,Oil,21.35,81,1729.35,178.12
8898,2019-07-26,26,Cust Z,KARACHI SOUTH,KS,PK,Kamran Ahmed,South,2019-07-28,Jul,Q3,Shipping Company C,KARACHI SOUTH,KS,90900,PK,Credit Card,Clam Chowder,Soups,9.65,25,241.25,23.40
8899,2019-07-26,26,Cust Z,KARACHI SOUTH,KS,PK,Kamran Ahmed,South,2019-07-28,Jul,Q3,Shipping Company C,KARACHI SOUTH,KS,90900,PK,Credit Card,Crab Meat,Canned Meat,18.40,12,220.80,22.08
8800,2019-07-29,29,Cust CC,GUJRANWALA,GA,PK,Salman Shah,West,2019-07-31,Jul,Q3,Shipping Company B,GUJRANWALA,GA,90900,PK,Check,Sauce,Beverages,14.00,23,322.00,30.91
8808,2019-06-07,6,Cust F,ISLAMABAD,ID,PK,Shahid Raza,North,2019-07-08,Jul,Q3,Shipping Company C,ISLAMABAD,ID,90900,PK,Check,Chocolate,Candy,12.75,76,969.00,97.87
8803,2019-04-07,4,Cust D,BAHAWALPUR,BR,PK,Munir Nizar,East,2019-07-06,Jul,Q3,Shipping Company A,BAHAWALPUR,BR,90900,PK,Credit Card,Marmalade,"Jams, Preserves",81.00,55,4455.00,445.50
8804,2019-04-07,4,Cust D,BAHAWALPUR,BR,PK,Munir Nizar,East,2019-07-06,Jul,Q3,Shipping Company A,BAHAWALPUR,BR,90900,PK,Credit Card,Long Grain Rice,Grains,7.00,19,133.00,12.90
8806,2019-08-07,8,Cust H,FAISALABAD,FD,PK,Ahmed Ali,North,2019-07-10,Jul,Q3,Shipping Company C,FAISALABAD,FD,90900,PK,Credit Card,Mozzarella,Dairy Products,34.80,27,939.60,89.26
8809,2019-03-07,3,Cust C,HYDERABAD,HD,PK,Salim Kanchwala,West,2019-07-05,Jul,Q3,Shipping Company B,HYDERABAD,HD,90900,PK,Cash,Syrup,Condiments,10.00,99,990.00,95.04
8880,2019-03-07,3,Cust C,HYDERABAD,HD,PK,Salim Kanchwala,West,2019-07-05,Jul,Q3,Shipping Company B,HYDERABAD,HD,90900,PK,Cash,Curry Sauce,Sauces,40.00,10,400.00,40.00
8884,2019-10-07,10,Cust J,KARACHI CENTRAL,KC,PK,Tausif Ali,East,2019-07-12,Jul,Q3,Shipping Company B,KARACHI CENTRAL,KC,90900,PK,Credit Card,Almonds,Dried Fruit & Nuts,10.00,80,800.00,77.60
8886,2019-10-07,10,Cust J,KARACHI CENTRAL,KC,PK,Tausif Ali,East,2019-07-12,Jul,Q3,Shipping Company A,KARACHI CENTRAL,KC,90900,PK,Credit Card,Dried Plums,Dried Fruit & Nuts,3.50,27,94.50,9.07
8887,2019-11-07,11,Cust K,KARACHI SOUTH,KS,PK,Kamran Ahmed,South,2019-07-12,Jul,Q3,Shipping Company C,KARACHI SOUTH,KS,90900,PK,Credit Card,Curry Sauce,Sauces,40.00,97,3880.00,380.24
8888,2019-01-07,1,Cust A,LAHORE EAST,LE,PK,Ahmed Ali,North,2019-07-12,Jul,Q3,Shipping Company C,LAHORE EAST,LE,90900,PK,Credit Card,Crab Meat,Canned Meat,18.40,42,772.80,80.37
8889,2019-07-28,28,Cust BB,JHELUM,JM,PK,Kamran Ahmed,South,2019-07-30,Jul,Q3,Shipping Company C,JHELUM,JM,90900,PK,Credit Card,Coffee,Beverages,46.00,24,1104.00,105.98
8880,2019-09-07,9,Cust I,LAHORE WEST,LW,PK,Muhammad Raza,West,2019-07-11,Jul,Q3,Shipping Company A,LAHORE WEST,LW,90900,PK,Check,Clam Chowder,Soups,9.65,90,868.50,83.38
8888,2019-06-07,6,Cust F,ISLAMABAD,ID,PK,Shahid Raza,North,2019-07-08,Jul,Q3,Shipping Company B,ISLAMABAD,ID,90900,PK,Credit Card,Chocolate,Candy,12.75,28,357.00,35.70
8888,2019-08-28,28,Cust BB,JHELUM,JM,PK,Kamran Ahmed,South,2019-08-30,Aug,Q3,Shipping Company C,JHELUM,JM,90900,PK,Check,Coffee,Beverages,46.00,28,1288.00,133.95
8883,2019-08-08,8,Cust H,FAISALABAD,FD,PK,Ahmed Ali,North,2019-08-10,Aug,Q3,Shipping Company C,FAISALABAD,FD,90900,PK,Check,Chocolate,Candy,12.75,57,726.75,69.77
8884,2019-10-08,10,Cust J,KARACHI CENTRAL,KC,PK,Tausif Ali,East,2019-08-12,Aug,Q3,Shipping Company B,KARACHI CENTRAL,KC,90900,PK,Credit Card,Green Tea,Beverages,2.99,23,68.77,6.67
8885,2019-07-08,7,Cust G,KARACHI NORTH,KI,PK,Ahmed Ali,North,2019-08-12,Aug,Q3,Shipping Company B,KARACHI NORTH,KI,90900,PK,Credit Card,Coffee,Beverages,46.00,86,3956.00,399.56
8886,2019-10-08,10,Cust J,KARACHI CENTRAL,KC,PK,Tausif Ali,East,2019-08-12,Aug,Q3,Shipping Company A,KARACHI CENTRAL,KC,90900,PK,Credit Card,Boysenberry Spread,"Jams, Preserves",25.00,47,1175.00,116.33
8887,2019-10-08,10,Cust J,KARACHI CENTRAL,KC,PK,Tausif Ali,East,2019-08-12,Aug,Q3,Shipping Company A,KARACHI CENTRAL,KC,90900,PK,Credit Card,Cajun Seasoning,Condiments,22.00,97,2134.00,221.94
8888,2019-10-08,10,Cust J,KARACHI CENTRAL,KC,PK,Tausif Ali,East,2019-08-12,Aug,Q3,Shipping Company A,KARACHI CENTRAL,KC,90900,PK,Credit Card,Chocolate Biscuits Mix,Baked Goods & Mixes,9.20,96,883.20,86.55
8889,2019-11-08,11,Cust K,KARACHI SOUTH,KS,PK,Kamran Ahmed,South,2019-08-12,Aug,Q3,Shipping Company C,KARACHI SOUTH,KS,90900,PK,Credit Card,Dried Plums,Dried Fruit & Nuts,3.50,31,108.50,10.85
8830,2019-11-08,11,Cust K,KARACHI SOUTH,KS,PK,Kamran Ahmed,South,2019-08-12,Aug,Q3,Shipping Company C,KARACHI SOUTH,KS,90900,PK,Credit Card,Green Tea,Beverages,2.99,52,155.48,16.01
8838,2019-01-08,1,Cust A,LAHORE EAST,LE,PK,Ahmed Ali,North,2019-08-12,Aug,Q3,Shipping Company C,LAHORE EAST,LE,90900,PK,Credit Card,Chai,Beverages,18.00,91,1638.00,158.89
8838,2019-01-08,1,Cust A,LAHORE EAST,LE,PK,Ahmed Ali,North,2019-08-12,Aug,Q3,Shipping Company C,LAHORE EAST,LE,90900,PK,Credit Card,Coffee,Beverages,46.00,14,644.00,63.76
8833,2019-01-08,1,Cust A,LAHORE EAST,LE,PK,Ahmed Ali,North,2019-08-12,Aug,Q3,Shipping Company C,LAHORE EAST,LE,90900,PK,Credit Card,Green Tea,Beverages,2.99,44,131.56,13.29
8834,2019-08-28,28,Cust BB,JHELUM,JM,PK,Kamran Ahmed,South,2019-08-30,Aug,Q3,Shipping Company C,JHELUM,JM,90900,PK,Credit Card,Clam Chowder,Soups,9.65,97,936.05,95.48
8835,2019-08-28,28,Cust BB,JHELUM,JM,PK,Kamran Ahmed,South,2019-08-30,Aug,Q3,Shipping Company C,JHELUM,JM,90900,PK,Credit Card,Crab Meat,Canned Meat,18.40,80,1472.00,150.14
8836,2019-09-08,9,Cust I,LAHORE WEST,LW,PK,Muhammad Raza,West,2019-08-11,Aug,Q3,Shipping Company A,LAHORE WEST,LW,90900,PK,Check,Ravioli,Pasta,19.50,66,1287.00,132.56
8837,2019-09-08,9,Cust I,LAHORE WEST,LW,PK,Muhammad Raza,West,2019-08-11,Aug,Q3,Shipping Company A,LAHORE WEST,LW,90900,PK,Check,Mozzarella,Dairy Products,34.80,32,1113.60,111.36
8838,2019-06-08,6,Cust F,ISLAMABAD,ID,PK,Shahid Raza,North,2019-08-08,Aug,Q3,Shipping Company B,ISLAMABAD,ID,90900,PK,Credit Card,Sauce,Beverages,14.00,52,728.00,72.80
8839,2019-08-08,8,Cust H,FAISALABAD,FD,PK,Ahmed Ali,North,2019-08-10,Aug,Q3,Shipping Company B,FAISALABAD,FD,90900,PK,Check,Curry Sauce,Sauces,40.00,78,3120.00,318.24
8840,2019-08-08,8,Cust H,FAISALABAD,FD,PK,Ahmed Ali,North,2019-08-10,Aug,Q3,Shipping Company B,FAISALABAD,FD,90900,PK,Check,Chocolate Biscuits Mix,Baked Goods & Mixes,9.20,54,496.80,49.18
8848,2019-08-25,25,Cust Y,KARACHI CENTRAL,KC,PK,Tausif Ali,East,2019-08-27,Aug,Q3,Shipping Company A,KARACHI CENTRAL,KC,90900,PK,Cash,Scones,Baked Goods & Mixes,10.00,55,550.00,52.25
8848,2019-08-26,26,Cust Z,KARACHI SOUTH,KS,PK,Kamran Ahmed,South,2019-08-28,Aug,Q3,Shipping Company C,KARACHI SOUTH,KS,90900,PK,Credit Card,Olive Oil,Oil,21.35,60,1281.00,129.38
8843,2019-08-26,26,Cust Z,KARACHI SOUTH,KS,PK,Kamran Ahmed,South,2019-08-28,Aug,Q3,Shipping Company C,KARACHI SOUTH,KS,90900,PK,Credit Card,Clam Chowder,Soups,9.65,19,183.35,17.42
8844,2019-08-26,26,Cust Z,KARACHI SOUTH,KS,PK,Kamran Ahmed,South,2019-08-28,Aug,Q3,Shipping Company C,KARACHI SOUTH,KS,90900,PK,Credit Card,Crab Meat,Canned Meat,18.40,66,1214.40,125.08
8845,2019-08-29,29,Cust CC,GUJRANWALA,GA,PK,Salman Shah,West,2019-08-31,Aug,Q3,Shipping Company B,GUJRANWALA,GA,90900,PK,Check,Sauce,Beverages,14.00,42,588.00,59.39
8846,2019-06-08,6,Cust F,ISLAMABAD,ID,PK,Shahid Raza,North,2019-08-08,Aug,Q3,Shipping Company C,ISLAMABAD,ID,90900,PK,Check,Chocolate,Candy,12.75,72,918.00,89.05
8848,2019-04-08,4,Cust D,BAHAWALPUR,BR,PK,Munir Nizar,East,2019-08-06,Aug,Q3,Shipping Company A,BAHAWALPUR,BR,90900,PK,Credit Card,Marmalade,"Jams, Preserves",81.00,32,2592.00,251.42
8849,2019-04-08,4,Cust D,BAHAWALPUR,BR,PK,Munir Nizar,East,2019-08-06,Aug,Q3,Shipping Company A,BAHAWALPUR,BR,90900,PK,Credit Card,Long Grain Rice,Grains,7.00,76,532.00,53.73
8850,2019-10-09,10,Cust J,KARACHI CENTRAL,KC,PK,Tausif Ali,East,2019-09-12,Sep,Q3,Shipping Company A,KARACHI CENTRAL,KC,90900,PK,Credit Card,Chocolate Biscuits Mix,Baked Goods & Mixes,9.20,83,763.60,74.83
8858,2019-11-09,11,Cust K,KARACHI SOUTH,KS,PK,Kamran Ahmed,South,2019-09-12,Sep,Q3,Shipping Company C,KARACHI SOUTH,KS,90900,PK,Credit Card,Dried Plums,Dried Fruit & Nuts,3.50,91,318.50,31.21
8858,2019-11-09,11,Cust K,KARACHI SOUTH,KS,PK,Kamran Ahmed,South,2019-09-12,Sep,Q3,Shipping Company C,KARACHI SOUTH,KS,90900,PK,Credit Card,Green Tea,Beverages,2.99,64,191.36,19.52
8853,2019-01-09,1,Cust A,LAHORE EAST,LE,PK,Ahmed Ali,North,2019-09-12,Sep,Q3,Shipping Company C,LAHORE EAST,LE,90900,PK,Credit Card,Chai,Beverages,18.00,58,1044.00,103.36
8854,2019-01-09,1,Cust A,LAHORE EAST,LE,PK,Ahmed Ali,North,2019-09-12,Sep,Q3,Shipping Company C,LAHORE EAST,LE,90900,PK,Credit Card,Coffee,Beverages,46.00,97,4462.00,464.05
8855,2019-01-09,1,Cust A,LAHORE EAST,LE,PK,Ahmed Ali,North,2019-09-12,Sep,Q3,Shipping Company C,LAHORE EAST,LE,90900,PK,Credit Card,Green Tea,Beverages,2.99,14,41.86,4.35
8856,2019-09-28,28,Cust BB,JHELUM,JM,PK,Kamran Ahmed,South,2019-09-30,Sep,Q3,Shipping Company C,JHELUM,JM,90900,PK,Credit Card,Clam Chowder,Soups,9.65,68,656.20,64.31
8857,2019-09-28,28,Cust BB,JHELUM,JM,PK,Kamran Ahmed,South,2019-09-30,Sep,Q3,Shipping Company C,JHELUM,JM,90900,PK,Credit Card,Crab Meat,Canned Meat,18.40,32,588.80,58.88
8858,2019-09-09,9,Cust I,LAHORE WEST,LW,PK,Muhammad Raza,West,2019-09-11,Sep,Q3,Shipping Company A,LAHORE WEST,LW,90900,PK,Check,Ravioli,Pasta,19.50,48,936.00,94.54
8859,2019-09-09,9,Cust I,LAHORE WEST,LW,PK,Muhammad Raza,West,2019-09-11,Sep,Q3,Shipping Company A,LAHORE WEST,LW,90900,PK,Check,Mozzarella,Dairy Products,34.80,57,1983.60,194.39
8860,2019-06-09,6,Cust F,ISLAMABAD,ID,PK,Shahid Raza,North,2019-09-08,Sep,Q3,Shipping Company B,ISLAMABAD,ID,90900,PK,Credit Card,Sauce,Beverages,14.00,67,938.00,98.49
8868,2019-08-09,8,Cust H,FAISALABAD,FD,PK,Ahmed Ali,North,2019-09-10,Sep,Q3,Shipping Company B,FAISALABAD,FD,90900,PK,Check,Curry Sauce,Sauces,40.00,48,1920.00,188.16
8868,2019-08-09,8,Cust H,FAISALABAD,FD,PK,Ahmed Ali,North,2019-09-10,Sep,Q3,Shipping Company B,FAISALABAD,FD,90900,PK,Check,Chocolate Biscuits Mix,Baked Goods & Mixes,9.20,77,708.40,72.26
8863,2019-09-25,25,Cust Y,KARACHI CENTRAL,KC,PK,Tausif Ali,East,2019-09-27,Sep,Q3,Shipping Company A,KARACHI CENTRAL,KC,90900,PK,Cash,Scones,Baked Goods & Mixes,10.00,94,940.00,97.76
8864,2019-09-26,26,Cust Z,KARACHI SOUTH,KS,PK,Kamran Ahmed,South,2019-09-28,Sep,Q3,Shipping Company C,KARACHI SOUTH,KS,90900,PK,Credit Card,Olive Oil,Oil,21.35,54,1152.90,121.05
8865,2019-09-26,26,Cust Z,KARACHI SOUTH,KS,PK,Kamran Ahmed,South,2019-09-28,Sep,Q3,Shipping Company C,KARACHI SOUTH,KS,90900,PK,Credit Card,Clam Chowder,Soups,9.65,43,414.95,40.25
8866,2019-09-26,26,Cust Z,KARACHI SOUTH,KS,PK,Kamran Ahmed,South,2019-09-28,Sep,Q3,Shipping Company C,KARACHI SOUTH,KS,90900,PK,Credit Card,Crab Meat,Canned Meat,18.40,71,1306.40,134.56
8867,2019-09-29,29,Cust CC,GUJRANWALA,GA,PK,Salman Shah,West,2019-10-01,Oct,Q4,Shipping Company B,GUJRANWALA,GA,90900,PK,Check,Sauce,Beverages,14.00,50,700.00,67.20
8868,2019-06-09,6,Cust F,ISLAMABAD,ID,PK,Shahid Raza,North,2019-09-08,Sep,Q3,Shipping Company C,ISLAMABAD,ID,90900,PK,Check,Chocolate,Candy,12.75,96,1224.00,119.95
8870,2019-04-09,4,Cust D,BAHAWALPUR,BR,PK,Munir Nizar,East,2019-09-06,Sep,Q3,Shipping Company A,BAHAWALPUR,BR,90900,PK,Credit Card,Marmalade,"Jams, Preserves",81.00,54,4374.00,437.40
8878,2019-04-09,4,Cust D,BAHAWALPUR,BR,PK,Munir Nizar,East,2019-09-06,Sep,Q3,Shipping Company A,BAHAWALPUR,BR,90900,PK,Credit Card,Long Grain Rice,Grains,7.00,39,273.00,27.30
8873,2019-08-09,8,Cust H,FAISALABAD,FD,PK,Ahmed Ali,North,2019-09-10,Sep,Q3,Shipping Company C,FAISALABAD,FD,90900,PK,Credit Card,Mozzarella,Dairy Products,34.80,63,2192.40,230.20
8876,2019-03-09,3,Cust C,HYDERABAD,HD,PK,Salim Kanchwala,West,2019-09-05,Sep,Q3,Shipping Company B,HYDERABAD,HD,90900,PK,Cash,Syrup,Condiments,10.00,71,710.00,73.13
8877,2019-03-09,3,Cust C,HYDERABAD,HD,PK,Salim Kanchwala,West,2019-09-05,Sep,Q3,Shipping Company B,HYDERABAD,HD,90900,PK,Cash,Curry Sauce,Sauces,40.00,88,3520.00,366.08
8888,2019-10-09,10,Cust J,KARACHI CENTRAL,KC,PK,Tausif Ali,East,2019-09-12,Sep,Q3,Shipping Company B,KARACHI CENTRAL,KC,90900,PK,Credit Card,Almonds,Dried Fruit & Nuts,10.00,59,590.00,59.59
8888,2019-06-10,6,Cust F,ISLAMABAD,ID,PK,Shahid Raza,North,2019-10-08,Oct,Q4,Shipping Company B,ISLAMABAD,ID,90900,PK,Credit Card,Curry Sauce,Sauces,40.00,94,3760.00,376.00
8883,2019-10-28,28,Cust BB,JHELUM,JM,PK,Kamran Ahmed,South,2019-10-30,Oct,Q4,Shipping Company C,JHELUM,JM,90900,PK,Check,Coffee,Beverages,46.00,86,3956.00,379.78
8884,2019-08-10,8,Cust H,FAISALABAD,FD,PK,Ahmed Ali,North,2019-10-10,Oct,Q4,Shipping Company C,FAISALABAD,FD,90900,PK,Check,Chocolate,Candy,12.75,61,777.75,78.55
8885,2019-10-10,10,Cust J,KARACHI CENTRAL,KC,PK,Tausif Ali,East,2019-10-12,Oct,Q4,Shipping Company B,KARACHI CENTRAL,KC,90900,PK,Credit Card,Green Tea,Beverages,2.99,32,95.68,9.76
8886,2019-07-10,7,Cust G,KARACHI NORTH,KI,PK,Ahmed Ali,North,2019-10-12,Oct,Q4,Shipping Company B,KARACHI NORTH,KI,90900,PK,Credit Card,Coffee,Beverages,46.00,62,2852.00,290.90
8887,2019-10-10,10,Cust J,KARACHI CENTRAL,KC,PK,Tausif Ali,East,2019-10-12,Oct,Q4,Shipping Company A,KARACHI CENTRAL,KC,90900,PK,Credit Card,Boysenberry Spread,"Jams, Preserves",25.00,60,1500.00,154.50
8888,2019-10-10,10,Cust J,KARACHI CENTRAL,KC,PK,Tausif Ali,East,2019-10-12,Oct,Q4,Shipping Company A,KARACHI CENTRAL,KC,90900,PK,Credit Card,Cajun Seasoning,Condiments,22.00,51,1122.00,109.96
8889,2019-10-10,10,Cust J,KARACHI CENTRAL,KC,PK,Tausif Ali,East,2019-10-12,Oct,Q4,Shipping Company A,KARACHI CENTRAL,KC,90900,PK,Credit Card,Chocolate Biscuits Mix,Baked Goods & Mixes,9.20,49,450.80,44.63
8890,2019-11-10,11,Cust K,KARACHI SOUTH,KS,PK,Kamran Ahmed,South,2019-10-12,Oct,Q4,Shipping Company C,KARACHI SOUTH,KS,90900,PK,Credit Card,Dried Plums,Dried Fruit & Nuts,3.50,20,70.00,6.93
8898,2019-11-10,11,Cust K,KARACHI SOUTH,KS,PK,Kamran Ahmed,South,2019-10-12,Oct,Q4,Shipping Company C,KARACHI SOUTH,KS,90900,PK,Credit Card,Green Tea,Beverages,2.99,49,146.51,14.65
8898,2019-01-10,1,Cust A,LAHORE EAST,LE,PK,Ahmed Ali,North,2019-10-12,Oct,Q4,Shipping Company C,LAHORE EAST,LE,90900,PK,Credit Card,Chai,Beverages,18.00,22,396.00,38.02
8893,2019-01-10,1,Cust A,LAHORE EAST,LE,PK,Ahmed Ali,North,2019-10-12,Oct,Q4,Shipping Company C,LAHORE EAST,LE,90900,PK,Credit Card,Coffee,Beverages,46.00,73,3358.00,339.16
8894,2019-01-10,1,Cust A,LAHORE EAST,LE,PK,Ahmed Ali,North,2019-10-12,Oct,Q4,Shipping Company C,LAHORE EAST,LE,90900,PK,Credit Card,Green Tea,Beverages,2.99,85,254.15,24.65
8895,2019-10-28,28,Cust BB,JHELUM,JM,PK,Kamran Ahmed,South,2019-10-30,Oct,Q4,Shipping Company C,JHELUM,JM,90900,PK,Credit Card,Clam Chowder,Soups,9.65,44,424.60,44.16
8896,2019-10-28,28,Cust BB,JHELUM,JM,PK,Kamran Ahmed,South,2019-10-30,Oct,Q4,Shipping Company C,JHELUM,JM,90900,PK,Credit Card,Crab Meat,Canned Meat,18.40,24,441.60,42.84
8897,2019-09-10,9,Cust I,LAHORE WEST,LW,PK,Muhammad Raza,West,2019-10-11,Oct,Q4,Shipping Company A,LAHORE WEST,LW,90900,PK,Check,Ravioli,Pasta,19.50,64,1248.00,119.81
8898,2019-09-10,9,Cust I,LAHORE WEST,LW,PK,Muhammad Raza,West,2019-10-11,Oct,Q4,Shipping Company A,LAHORE WEST,LW,90900,PK,Check,Mozzarella,Dairy Products,34.80,70,2436.00,246.04
8899,2019-06-10,6,Cust F,ISLAMABAD,ID,PK,Shahid Raza,North,2019-10-08,Oct,Q4,Shipping Company B,ISLAMABAD,ID,90900,PK,Credit Card,Sauce,Beverages,14.00,98,1372.00,138.57
8300,2019-08-10,8,Cust H,FAISALABAD,FD,PK,Ahmed Ali,North,2019-10-10,Oct,Q4,Shipping Company B,FAISALABAD,FD,90900,PK,Check,Curry Sauce,Sauces,40.00,48,1920.00,188.16
8308,2019-08-10,8,Cust H,FAISALABAD,FD,PK,Ahmed Ali,North,2019-10-10,Oct,Q4,Shipping Company B,FAISALABAD,FD,90900,PK,Check,Chocolate Biscuits Mix,Baked Goods & Mixes,9.20,100,920.00,91.08
8308,2019-10-25,25,Cust Y,KARACHI CENTRAL,KC,PK,Tausif Ali,East,2019-10-27,Oct,Q4,Shipping Company A,KARACHI CENTRAL,KC,90900,PK,Cash,Scones,Baked Goods & Mixes,10.00,90,900.00,87.30
8303,2019-10-26,26,Cust Z,KARACHI SOUTH,KS,PK,Kamran Ahmed,South,2019-10-28,Oct,Q4,Shipping Company C,KARACHI SOUTH,KS,90900,PK,Credit Card,Olive Oil,Oil,21.35,49,1046.15,102.52
8304,2019-10-26,26,Cust Z,KARACHI SOUTH,KS,PK,Kamran Ahmed,South,2019-10-28,Oct,Q4,Shipping Company C,KARACHI SOUTH,KS,90900,PK,Credit Card,Clam Chowder,Soups,9.65,71,685.15,65.77
8305,2019-10-26,26,Cust Z,KARACHI SOUTH,KS,PK,Kamran Ahmed,South,2019-10-28,Oct,Q4,Shipping Company C,KARACHI SOUTH,KS,90900,PK,Credit Card,Crab Meat,Canned Meat,18.40,10,184.00,19.14
8306,2019-10-29,29,Cust CC,GUJRANWALA,GA,PK,Salman Shah,West,2019-10-31,Oct,Q4,Shipping Company B,GUJRANWALA,GA,90900,PK,Check,Sauce,Beverages,14.00,78,1092.00,112.48
8307,2019-06-10,6,Cust F,ISLAMABAD,ID,PK,Shahid Raza,North,2019-10-08,Oct,Q4,Shipping Company C,ISLAMABAD,ID,90900,PK,Check,Chocolate,Candy,12.75,44,561.00,53.86
8309,2019-04-10,4,Cust D,BAHAWALPUR,BR,PK,Munir Nizar,East,2019-10-06,Oct,Q4,Shipping Company A,BAHAWALPUR,BR,90900,PK,Credit Card,Marmalade,"Jams, Preserves",81.00,82,6642.00,697.41
8380,2019-04-10,4,Cust D,BAHAWALPUR,BR,PK,Munir Nizar,East,2019-10-06,Oct,Q4,Shipping Company A,BAHAWALPUR,BR,90900,PK,Credit Card,Long Grain Rice,Grains,7.00,29,203.00,20.30
8388,2019-08-10,8,Cust H,FAISALABAD,FD,PK,Ahmed Ali,North,2019-10-10,Oct,Q4,Shipping Company C,FAISALABAD,FD,90900,PK,Credit Card,Mozzarella,Dairy Products,34.80,93,3236.40,313.93
8385,2019-03-10,3,Cust C,HYDERABAD,HD,PK,Salim Kanchwala,West,2019-10-05,Oct,Q4,Shipping Company B,HYDERABAD,HD,90900,PK,Cash,Syrup,Condiments,10.00,11,110.00,11.44
8386,2019-03-10,3,Cust C,HYDERABAD,HD,PK,Salim Kanchwala,West,2019-10-05,Oct,Q4,Shipping Company B,HYDERABAD,HD,90900,PK,Cash,Curry Sauce,Sauces,40.00,91,3640.00,364.00
8380,2019-10-10,10,Cust J,KARACHI CENTRAL,KC,PK,Tausif Ali,East,2019-10-12,Oct,Q4,Shipping Company B,KARACHI CENTRAL,KC,90900,PK,Credit Card,Almonds,Dried Fruit & Nuts,10.00,12,120.00,12.36
8388,2019-10-10,10,Cust J,KARACHI CENTRAL,KC,PK,Tausif Ali,East,2019-10-12,Oct,Q4,Shipping Company A,KARACHI CENTRAL,KC,90900,PK,Credit Card,Dried Plums,Dried Fruit & Nuts,3.50,78,273.00,27.30
8383,2019-11-10,11,Cust K,KARACHI SOUTH,KS,PK,Kamran Ahmed,South,2019-10-12,Oct,Q4,Shipping Company C,KARACHI SOUTH,KS,90900,PK,Credit Card,Curry Sauce,Sauces,40.00,60,2400.00,228.00
8384,2019-01-10,1,Cust A,LAHORE EAST,LE,PK,Ahmed Ali,North,2019-10-12,Oct,Q4,Shipping Company C,LAHORE EAST,LE,90900,PK,Credit Card,Crab Meat,Canned Meat,18.40,23,423.20,43.59
8385,2019-10-28,28,Cust BB,JHELUM,JM,PK,Kamran Ahmed,South,2019-10-30,Oct,Q4,Shipping Company C,JHELUM,JM,90900,PK,Credit Card,Coffee,Beverages,46.00,34,1564.00,157.96
8386,2019-09-10,9,Cust I,LAHORE WEST,LW,PK,Muhammad Raza,West,2019-10-11,Oct,Q4,Shipping Company A,LAHORE WEST,LW,90900,PK,Check,Clam Chowder,Soups,9.65,89,858.85,86.74
8387,2019-06-10,6,Cust F,ISLAMABAD,ID,PK,Shahid Raza,North,2019-10-08,Oct,Q4,Shipping Company B,ISLAMABAD,ID,90900,PK,Credit Card,Chocolate,Candy,12.75,82,1045.50,103.50
8388,2019-08-10,8,Cust H,FAISALABAD,FD,PK,Ahmed Ali,North,2019-10-10,Oct,Q4,Shipping Company B,FAISALABAD,FD,90900,PK,Check,Chocolate,Candy,12.75,43,548.25,52.63
8389,2019-10-11,10,Cust J,KARACHI CENTRAL,KC,PK,Tausif Ali,East,2019-11-12,Nov,Q4,Shipping Company A,KARACHI CENTRAL,KC,90900,PK,Check,Cajun Seasoning,Condiments,22.00,96,2112.00,221.76
8330,2019-10-11,10,Cust J,KARACHI CENTRAL,KC,PK,Tausif Ali,East,2019-11-12,Nov,Q4,Shipping Company A,KARACHI CENTRAL,KC,90900,PK,Check,Chocolate Biscuits Mix,Baked Goods & Mixes,9.20,34,312.80,31.28
8338,2019-11-11,11,Cust K,KARACHI SOUTH,KS,PK,Kamran Ahmed,South,2019-11-12,Nov,Q4,Shipping Company C,KARACHI SOUTH,KS,90900,PK,Check,Dried Plums,Dried Fruit & Nuts,3.50,42,147.00,15.14
8338,2019-11-11,11,Cust K,KARACHI SOUTH,KS,PK,Kamran Ahmed,South,2019-11-12,Nov,Q4,Shipping Company C,KARACHI SOUTH,KS,90900,PK,Check,Green Tea,Beverages,2.99,100,299.00,30.50
8333,2019-01-11,1,Cust A,LAHORE EAST,LE,PK,Ahmed Ali,North,2019-11-12,Nov,Q4,Shipping Company C,LAHORE EAST,LE,90900,PK,Check,Chai,Beverages,18.00,42,756.00,76.36
8334,2019-01-11,1,Cust A,LAHORE EAST,LE,PK,Ahmed Ali,North,2019-11-12,Nov,Q4,Shipping Company C,LAHORE EAST,LE,90900,PK,Check,Coffee,Beverages,46.00,16,736.00,70.66
8335,2019-01-11,1,Cust A,LAHORE EAST,LE,PK,Ahmed Ali,North,2019-11-12,Nov,Q4,Shipping Company C,LAHORE EAST,LE,90900,PK,Check,Green Tea,Beverages,2.99,22,65.78,6.38
8336,2019-11-28,28,Cust BB,JHELUM,JM,PK,Kamran Ahmed,South,2019-11-30,Nov,Q4,Shipping Company C,JHELUM,JM,90900,PK,Credit Card,Clam Chowder,Soups,9.65,46,443.90,45.72
8337,2019-11-28,28,Cust BB,JHELUM,JM,PK,Kamran Ahmed,South,2019-11-30,Nov,Q4,Shipping Company C,JHELUM,JM,90900,PK,Credit Card,Crab Meat,Canned Meat,18.40,100,1840.00,184.00
8338,2019-09-11,9,Cust I,LAHORE WEST,LW,PK,Muhammad Raza,West,2019-11-11,Nov,Q4,Shipping Company A,LAHORE WEST,LW,90900,PK,Check,Ravioli,Pasta,19.50,87,1696.50,174.74
8339,2019-09-11,9,Cust I,LAHORE WEST,LW,PK,Muhammad Raza,West,2019-11-11,Nov,Q4,Shipping Company A,LAHORE WEST,LW,90900,PK,Check,Mozzarella,Dairy Products,34.80,58,2018.40,205.88
8340,2019-06-11,6,Cust F,ISLAMABAD,ID,PK,Shahid Raza,North,2019-11-08,Nov,Q4,Shipping Company B,ISLAMABAD,ID,90900,PK,Credit Card,Sauce,Beverages,14.00,85,1190.00,120.19
8348,2019-08-11,8,Cust H,FAISALABAD,FD,PK,Ahmed Ali,North,2019-11-10,Nov,Q4,Shipping Company B,FAISALABAD,FD,90900,PK,Check,Curry Sauce,Sauces,40.00,28,1120.00,110.88
8348,2019-08-11,8,Cust H,FAISALABAD,FD,PK,Ahmed Ali,North,2019-11-10,Nov,Q4,Shipping Company B,FAISALABAD,FD,90900,PK,Check,Chocolate Biscuits Mix,Baked Goods & Mixes,9.20,19,174.80,17.13
8343,2019-11-25,25,Cust Y,KARACHI CENTRAL,KC,PK,Tausif Ali,East,2019-11-27,Nov,Q4,Shipping Company A,KARACHI CENTRAL,KC,90900,PK,Cash,Scones,Baked Goods & Mixes,10.00,99,990.00,102.96
8344,2019-11-26,26,Cust Z,KARACHI SOUTH,KS,PK,Kamran Ahmed,South,2019-11-28,Nov,Q4,Shipping Company C,KARACHI SOUTH,KS,90900,PK,Credit Card,Olive Oil,Oil,21.35,69,1473.15,153.21
8345,2019-11-26,26,Cust Z,KARACHI SOUTH,KS,PK,Kamran Ahmed,South,2019-11-28,Nov,Q4,Shipping Company C,KARACHI SOUTH,KS,90900,PK,Credit Card,Clam Chowder,Soups,9.65,37,357.05,33.92
8346,2019-11-26,26,Cust Z,KARACHI SOUTH,KS,PK,Kamran Ahmed,South,2019-11-28,Nov,Q4,Shipping Company C,KARACHI SOUTH,KS,90900,PK,Credit Card,Crab Meat,Canned Meat,18.40,64,1177.60,118.94
8347,2019-11-29,29,Cust CC,GUJRANWALA,GA,PK,Salman Shah,West,2019-12-01,Dec,Q4,Shipping Company B,GUJRANWALA,GA,90900,PK,Check,Sauce,Beverages,14.00,38,532.00,55.33
8348,2019-06-11,6,Cust F,ISLAMABAD,ID,PK,Shahid Raza,North,2019-11-08,Nov,Q4,Shipping Company C,ISLAMABAD,ID,90900,PK,Check,Chocolate,Candy,12.75,15,191.25,18.55
8350,2019-04-11,4,Cust D,BAHAWALPUR,BR,PK,Munir Nizar,East,2019-11-06,Nov,Q4,Shipping Company A,BAHAWALPUR,BR,90900,PK,Credit Card,Marmalade,"Jams, Preserves",81.00,52,4212.00,412.78
8358,2019-04-11,4,Cust D,BAHAWALPUR,BR,PK,Munir Nizar,East,2019-11-06,Nov,Q4,Shipping Company A,BAHAWALPUR,BR,90900,PK,Credit Card,Long Grain Rice,Grains,7.00,37,259.00,25.38
8353,2019-08-11,8,Cust H,FAISALABAD,FD,PK,Ahmed Ali,North,2019-11-10,Nov,Q4,Shipping Company C,FAISALABAD,FD,90900,PK,Credit Card,Mozzarella,Dairy Products,34.80,24,835.20,80.18
8356,2019-03-11,3,Cust C,HYDERABAD,HD,PK,Salim Kanchwala,West,2019-11-05,Nov,Q4,Shipping Company B,HYDERABAD,HD,90900,PK,Cash,Syrup,Condiments,10.00,36,360.00,37.08
8357,2019-03-11,3,Cust C,HYDERABAD,HD,PK,Salim Kanchwala,West,2019-11-05,Nov,Q4,Shipping Company B,HYDERABAD,HD,90900,PK,Cash,Curry Sauce,Sauces,40.00,24,960.00,96.00
8368,2019-10-11,10,Cust J,KARACHI CENTRAL,KC,PK,Tausif Ali,East,2019-11-12,Nov,Q4,Shipping Company B,KARACHI CENTRAL,KC,90900,PK,Credit Card,Almonds,Dried Fruit & Nuts,10.00,20,200.00,20.00
8363,2019-10-11,10,Cust J,KARACHI CENTRAL,KC,PK,Tausif Ali,East,2019-11-12,Nov,Q4,Shipping Company A,KARACHI CENTRAL,KC,90900,PK,Credit Card,Dried Plums,Dried Fruit & Nuts,3.50,11,38.50,3.73
8364,2019-11-11,11,Cust K,KARACHI SOUTH,KS,PK,Kamran Ahmed,South,2019-11-12,Nov,Q4,Shipping Company C,KARACHI SOUTH,KS,90900,PK,Credit Card,Curry Sauce,Sauces,40.00,78,3120.00,299.52
8365,2019-01-11,1,Cust A,LAHORE EAST,LE,PK,Ahmed Ali,North,2019-11-12,Nov,Q4,Shipping Company C,LAHORE EAST,LE,90900,PK,Credit Card,Crab Meat,Canned Meat,18.40,76,1398.40,144.04
8366,2019-11-28,28,Cust BB,JHELUM,JM,PK,Kamran Ahmed,South,2019-11-30,Nov,Q4,Shipping Company C,JHELUM,JM,90900,PK,Credit Card,Coffee,Beverages,46.00,57,2622.00,272.69
8367,2019-09-11,9,Cust I,LAHORE WEST,LW,PK,Muhammad Raza,West,2019-11-11,Nov,Q4,Shipping Company A,LAHORE WEST,LW,90900,PK,Check,Clam Chowder,Soups,9.65,14,135.10,12.97
8368,2019-12-27,27,Cust AA,MULTAN,MN,PK,Salim Kanchwala,West,2019-12-29,Dec,Q4,Shipping Company B,MULTAN,MN,90900,PK,Check,Sauce,Beverages,14.00,14,196.00,19.80
8369,2019-12-27,27,Cust AA,MULTAN,MN,PK,Salim Kanchwala,West,2019-12-29,Dec,Q4,Shipping Company B,MULTAN,MN,90900,PK,Check,Dried Plums,Dried Fruit & Nuts,3.50,70,245.00,25.24
8370,2019-04-12,4,Cust D,BAHAWALPUR,BR,PK,Munir Nizar,East,2019-12-06,Dec,Q4,Shipping Company A,BAHAWALPUR,BR,90900,PK,Credit Card,Dried Pears,Dried Fruit & Nuts,30.00,100,3000.00,291.00
8378,2019-04-12,4,Cust D,BAHAWALPUR,BR,PK,Munir Nizar,East,2019-12-06,Dec,Q4,Shipping Company A,BAHAWALPUR,BR,90900,PK,Credit Card,Dried Apples,Dried Fruit & Nuts,53.00,27,1431.00,143.10
8378,2019-04-12,4,Cust D,BAHAWALPUR,BR,PK,Munir Nizar,East,2019-12-06,Dec,Q4,Shipping Company A,BAHAWALPUR,BR,90900,PK,Credit Card,Dried Plums,Dried Fruit & Nuts,3.50,70,245.00,24.01
8373,2019-12-12,12,Cust L,MULTAN,MN,PK,Salim Kanchwala,West,2019-12-14,Dec,Q4,Shipping Company B,MULTAN,MN,90900,PK,Credit Card,Chai,Beverages,18.00,57,1026.00,102.60
8374,2019-12-12,12,Cust L,MULTAN,MN,PK,Salim Kanchwala,West,2019-12-14,Dec,Q4,Shipping Company B,MULTAN,MN,90900,PK,Credit Card,Coffee,Beverages,46.00,83,3818.00,374.16
8375,2019-08-12,8,Cust H,FAISALABAD,FD,PK,Ahmed Ali,North,2019-12-10,Dec,Q4,Shipping Company C,FAISALABAD,FD,90900,PK,Credit Card,Chocolate Biscuits Mix,Baked Goods & Mixes,9.20,76,699.20,67.12
8376,2019-04-12,4,Cust D,BAHAWALPUR,BR,PK,Munir Nizar,East,2019-12-06,Dec,Q4,Shipping Company C,BAHAWALPUR,BR,90900,PK,Check,Chocolate Biscuits Mix,Baked Goods & Mixes,9.20,80,736.00,72.86
8377,2019-12-29,29,Cust CC,GUJRANWALA,GA,PK,Salman Shah,West,2019-12-31,Dec,Q4,Shipping Company B,GUJRANWALA,GA,90900,PK,Check,Chocolate,Candy,12.75,47,599.25,59.33
8378,2019-03-12,3,Cust C,HYDERABAD,HD,PK,Salim Kanchwala,West,2019-12-05,Dec,Q4,Shipping Company B,HYDERABAD,HD,90900,PK,Cash,Clam Chowder,Soups,9.65,96,926.40,94.49
8379,2019-06-12,6,Cust F,ISLAMABAD,ID,PK,Shahid Raza,North,2019-12-08,Dec,Q4,Shipping Company B,ISLAMABAD,ID,90900,PK,Credit Card,Curry Sauce,Sauces,40.00,32,1280.00,134.40
8380,2019-12-28,28,Cust BB,JHELUM,JM,PK,Kamran Ahmed,South,2019-12-30,Dec,Q4,Shipping Company C,JHELUM,JM,90900,PK,Check,Coffee,Beverages,46.00,16,736.00,73.60
8388,2019-08-12,8,Cust H,FAISALABAD,FD,PK,Ahmed Ali,North,2019-12-10,Dec,Q4,Shipping Company C,FAISALABAD,FD,90900,PK,Check,Chocolate,Candy,12.75,41,522.75,51.23
8388,2019-10-12,10,Cust J,KARACHI CENTRAL,KC,PK,Tausif Ali,East,2019-12-12,Dec,Q4,Shipping Company B,KARACHI CENTRAL,KC,90900,PK,Credit Card,Green Tea,Beverages,2.99,41,122.59,12.87
8383,2019-07-12,7,Cust G,KARACHI NORTH,KI,PK,Ahmed Ali,North,2019-12-12,Dec,Q4,Shipping Company B,KARACHI NORTH,KI,90900,PK,Credit Card,Coffee,Beverages,46.00,41,1886.00,194.26
8384,2019-10-12,10,Cust J,KARACHI CENTRAL,KC,PK,Tausif Ali,East,2019-12-12,Dec,Q4,Shipping Company A,KARACHI CENTRAL,KC,90900,PK,Credit Card,Boysenberry Spread,"Jams, Preserves",25.00,94,2350.00,235.00
8385,2019-10-12,10,Cust J,KARACHI CENTRAL,KC,PK,Tausif Ali,East,2019-12-12,Dec,Q4,Shipping Company A,KARACHI CENTRAL,KC,90900,PK,Credit Card,Cajun Seasoning,Condiments,22.00,20,440.00,46.20
8386,2019-10-12,10,Cust J,KARACHI CENTRAL,KC,PK,Tausif Ali,East,2019-12-12,Dec,Q4,Shipping Company A,KARACHI CENTRAL,KC,90900,PK,Credit Card,Chocolate Biscuits Mix,Baked Goods & Mixes,9.20,13,119.60,12.44
8387,2019-11-12,11,Cust K,KARACHI SOUTH,KS,PK,Kamran Ahmed,South,2019-12-12,Dec,Q4,Shipping Company C,KARACHI SOUTH,KS,90900,PK,Credit Card,Dried Plums,Dried Fruit & Nuts,3.50,74,259.00,26.94
8388,2019-11-12,11,Cust K,KARACHI SOUTH,KS,PK,Kamran Ahmed,South,2019-12-12,Dec,Q4,Shipping Company C,KARACHI SOUTH,KS,90900,PK,Credit Card,Green Tea,Beverages,2.99,53,158.47,16.01
8389,2019-01-12,1,Cust A,LAHORE EAST,LE,PK,Ahmed Ali,North,2019-12-12,Dec,Q4,Shipping Company C,LAHORE EAST,LE,90900,PK,Credit Card,Chai,Beverages,18.00,99,1782.00,174.64
8390,2019-01-12,1,Cust A,LAHORE EAST,LE,PK,Ahmed Ali,North,2019-12-12,Dec,Q4,Shipping Company C,LAHORE EAST,LE,90900,PK,Credit Card,Coffee,Beverages,46.00,89,4094.00,388.93
8398,2019-01-12,1,Cust A,LAHORE EAST,LE,PK,Ahmed Ali,North,2019-12-12,Dec,Q4,Shipping Company C,LAHORE EAST,LE,90900,PK,Credit Card,Green Tea,Beverages,2.99,64,191.36,19.52
8398,2019-12-28,28,Cust BB,JHELUM,JM,PK,Kamran Ahmed,South,2019-12-30,Dec,Q4,Shipping Company C,JHELUM,JM,90900,PK,Credit Card,Clam Chowder,Soups,9.65,98,945.70,96.46
8393,2019-12-28,28,Cust BB,JHELUM,JM,PK,Kamran Ahmed,South,2019-12-30,Dec,Q4,Shipping Company C,JHELUM,JM,90900,PK,Credit Card,Crab Meat,Canned Meat,18.40,86,1582.40,155.08
8394,2019-09-12,9,Cust I,LAHORE WEST,LW,PK,Muhammad Raza,West,2019-12-11,Dec,Q4,Shipping Company A,LAHORE WEST,LW,90900,PK,Check,Ravioli,Pasta,19.50,20,390.00,40.95
8395,2019-09-12,9,Cust I,LAHORE WEST,LW,PK,Muhammad Raza,West,2019-12-11,Dec,Q4,Shipping Company A,LAHORE WEST,LW,90900,PK,Check,Mozzarella,Dairy Products,34.80,69,2401.20,240.12
8396,2019-06-12,6,Cust F,ISLAMABAD,ID,PK,Shahid Raza,North,2019-12-08,Dec,Q4,Shipping Company B,ISLAMABAD,ID,90900,PK,Credit Card,Sauce,Beverages,14.00,68,952.00,91.39
8397,2019-08-12,8,Cust H,FAISALABAD,FD,PK,Ahmed Ali,North,2019-12-10,Dec,Q4,Shipping Company B,FAISALABAD,FD,90900,PK,Check,Curry Sauce,Sauces,40.00,52,2080.00,203.84
8398,2019-08-12,8,Cust H,FAISALABAD,FD,PK,Ahmed Ali,North,2019-12-10,Dec,Q4,Shipping Company B,FAISALABAD,FD,90900,PK,Check,Chocolate Biscuits Mix,Baked Goods & Mixes,9.20,40,368.00,38.64
8399,2019-12-25,25,Cust Y,KARACHI CENTRAL,KC,PK,Tausif Ali,East,2019-12-27,Dec,Q4,Shipping Company A,KARACHI CENTRAL,KC,90900,PK,Cash,Scones,Baked Goods & Mixes,10.00,100,1000.00,98.00
8400,2019-12-26,26,Cust Z,KARACHI SOUTH,KS,PK,Kamran Ahmed,South,2019-12-28,Dec,Q4,Shipping Company C,KARACHI SOUTH,KS,90900,PK,Credit Card,Olive Oil,Oil,21.35,88,1878.80,184.12
8408,2019-12-26,26,Cust Z,KARACHI SOUTH,KS,PK,Kamran Ahmed,South,2019-12-28,Dec,Q4,Shipping Company C,KARACHI SOUTH,KS,90900,PK,Credit Card,Clam Chowder,Soups,9.65,46,443.90,42.61
8408,2019-12-26,26,Cust Z,KARACHI SOUTH,KS,PK,Kamran Ahmed,South,2019-12-28,Dec,Q4,Shipping Company C,KARACHI SOUTH,KS,90900,PK,Credit Card,Crab Meat,Canned Meat,18.40,93,1711.20,167.70
8403,2019-12-29,29,Cust CC,GUJRANWALA,GA,PK,Salman Shah,West,2019-12-31,Dec,Q4,Shipping Company B,GUJRANWALA,GA,90900,PK,Check,Sauce,Beverages,14.00,96,1344.00,141.12
8404,2019-06-12,6,Cust F,ISLAMABAD,ID,PK,Shahid Raza,North,2019-12-08,Dec,Q4,Shipping Company C,ISLAMABAD,ID,90900,PK,Check,Chocolate,Candy,12.75,12,153.00,16.07
8406,2019-04-12,4,Cust D,BAHAWALPUR,BR,PK,Munir Nizar,East,2019-12-06,Dec,Q4,Shipping Company A,BAHAWALPUR,BR,90900,PK,Credit Card,Marmalade,"Jams, Preserves",81.00,38,3078.00,292.41
8407,2019-04-12,4,Cust D,BAHAWALPUR,BR,PK,Munir Nizar,East,2019-12-06,Dec,Q4,Shipping Company A,BAHAWALPUR,BR,90900,PK,Credit Card,Long Grain Rice,Grains,7.00,42,294.00,29.11
8409,2019-08-12,8,Cust H,FAISALABAD,FD,PK,Ahmed Ali,North,2019-12-10,Dec,Q4,Shipping Company C,FAISALABAD,FD,90900,PK,Credit Card,Mozzarella,Dairy Products,34.80,100,3480.00,344.52
8488,2019-03-12,3,Cust C,HYDERABAD,HD,PK,Salim Kanchwala,West,2019-12-05,Dec,Q4,Shipping Company B,HYDERABAD,HD,90900,PK,Cash,Syrup,Condiments,10.00,89,890.00,87.22
8483,2019-03-12,3,Cust C,HYDERABAD,HD,PK,Salim Kanchwala,West,2019-12-05,Dec,Q4,Shipping Company B,HYDERABAD,HD,90900,PK,Cash,Curry Sauce,Sauces,40.00,12,480.00,46.56
8487,2019-10-12,10,Cust J,KARACHI CENTRAL,KC,PK,Tausif Ali,East,2019-12-12,Dec,Q4,Shipping Company B,KARACHI CENTRAL,KC,90900,PK,Credit Card,Almonds,Dried Fruit & Nuts,10.00,97,970.00,100.88
8489,2019-10-12,10,Cust J,KARACHI CENTRAL,KC,PK,Tausif Ali,East,2019-12-12,Dec,Q4,Shipping Company A,KARACHI CENTRAL,KC,90900,PK,Credit Card,Dried Plums,Dried Fruit & Nuts,3.50,53,185.50,17.62
8480,2019-11-12,11,Cust K,KARACHI SOUTH,KS,PK,Kamran Ahmed,South,2019-12-12,Dec,Q4,Shipping Company C,KARACHI SOUTH,KS,90900,PK,Credit Card,Curry Sauce,Sauces,40.00,61,2440.00,248.88
8488,2019-01-12,1,Cust A,LAHORE EAST,LE,PK,Ahmed Ali,North,2019-12-12,Dec,Q4,Shipping Company C,LAHORE EAST,LE,90900,PK,Credit Card,Crab Meat,Canned Meat,18.40,45,828.00,81.14
8488,2019-12-28,28,Cust BB,JHELUM,JM,PK,Kamran Ahmed,South,2019-12-30,Dec,Q4,Shipping Company C,JHELUM,JM,90900,PK,Credit Card,Coffee,Beverages,46.00,43,1978.00,197.80
8483,2019-09-12,9,Cust I,LAHORE WEST,LW,PK,Muhammad Raza,West,2019-12-11,Dec,Q4,Shipping Company A,LAHORE WEST,LW,90900,PK,Check,Clam Chowder,Soups,9.65,18,173.70,16.50
8484,2019-06-12,6,Cust F,ISLAMABAD,ID,PK,Shahid Raza,North,2019-12-08,Dec,Q4,Shipping Company B,ISLAMABAD,ID,90900,PK,Credit Card,Chocolate,Candy,12.75,41,522.75,50.71
8485,2019-08-12,8,Cust H,FAISALABAD,FD,PK,Ahmed Ali,North,2019-12-10,Dec,Q4,Shipping Company B,FAISALABAD,FD,90900,PK,Check,Chocolate,Candy,12.75,19,242.25,23.98
8486,2019-12-25,25,Cust Y,KARACHI CENTRAL,KC,PK,Tausif Ali,East,2019-12-27,Dec,Q4,Shipping Company A,KARACHI CENTRAL,KC,90900,PK,Cash,Cajun Seasoning,Condiments,22.00,65,1430.00,138.71
8487,2019-12-26,26,Cust Z,KARACHI SOUTH,KS,PK,Kamran Ahmed,South,2019-12-28,Dec,Q4,Shipping Company C,KARACHI SOUTH,KS,90900,PK,Credit Card,Boysenberry Spread,"Jams, Preserves",25.00,13,325.00,32.18
8488,2019-12-29,29,Cust CC,GUJRANWALA,GA,PK,Salman Shah,West,2019-12-31,Dec,Q4,Shipping Company B,GUJRANWALA,GA,90900,PK,Check,Fruit Cocktail,Fruit & Veg,39.00,54,2106.00,214.81
8489,2019-06-12,6,Cust F,ISLAMABAD,ID,PK,Shahid Raza,North,2019-12-08,Dec,Q4,Shipping Company C,ISLAMABAD,ID,90900,PK,Check,Dried Pears,Dried Fruit & Nuts,30.00,33,990.00,95.04
8430,2019-06-12,6,Cust F,ISLAMABAD,ID,PK,Shahid Raza,North,2019-12-08,Dec,Q4,Shipping Company C,ISLAMABAD,ID,90900,PK,Check,Dried Apples,Dried Fruit & Nuts,53.00,34,1802.00,185.61
8438,2019-04-12,4,Cust D,BAHAWALPUR,BR,PK,Munir Nizar,East,2019-12-08,Dec,Q4,Shipping Company C,BAHAWALPUR,BR,90900,PK,Check,Gnocchi,Pasta,38.00,59,2242.00,226.44
8438,2019-03-12,3,Cust C,HYDERABAD,HD,PK,Salim Kanchwala,West,2019-12-08,Dec,Q4,Shipping Company C,HYDERABAD,HD,90900,PK,Check,Green Tea,Beverages,2.99,24,71.76,7.10
